geo_code,geo_name,season,start,peak_date,end,peak_week,amplitude,duration_weeks,cumul
01,Ain,2019/2020,2019-12-30,2020-01-27,2020-06-22,5,2123.8938053,25.0,14074.429730060001
01,Ain,2020/2021,2020-06-29,2021-04-12,2021-06-28,15,1944.4444444,52.0,24052.248613459993
01,Ain,2021/2022,2021-07-05,2021-11-29,2022-04-25,48,2074.0740741,42.0,33024.95976102001
01,Ain,2022/2023,2022-09-19,2022-11-28,2023-06-05,48,3416.6666667,37.0,41521.95011678
01,Ain,2023/2024,2023-08-28,2023-12-11,2024-05-13,50,3018.8679245,37.0,36240.68247474001
01,Ain,2024/2025,2024-08-05,2024-12-09,2025-06-09,50,2261.9047619,44.0,29487.4563368
01,Ain,2025/2026,2025-07-07,2025-07-28,2025-08-04,31,413.7630662,4.0,1859.9632075200002
02,Aisne,2019/2020,2019-12-30,2020-01-06,2020-06-22,2,1606.2176166,25.0,13534.5297637
02,Aisne,2020/2021,2020-08-31,2020-10-05,2021-06-28,41,802.91970803,43.0,19425.47799988
02,Aisne,2021/2022,2021-07-05,2021-11-15,2022-06-20,46,1563.8528138650001,50.0,29296.061312135
02,Aisne,2022/2023,2022-07-04,2022-11-28,2023-06-12,48,2775.2293578,49.0,36676.615376049995
02,Aisne,2023/2024,2023-09-11,2023-12-04,2024-06-24,49,2382.4451411,41.0,36552.312287028006
02,Aisne,2024/2025,2024-07-01,2024-11-25,2025-06-23,48,1163.7931034,51.0,25105.831916386
02,Aisne,2025/2026,2025-06-30,2025-07-14,2025-07-21,29,525.150150146,3.0,1438.407193244
03,Allier,2019/2020,2019-12-30,2020-02-03,2020-06-22,6,2533.3333333,25.0,10042.880430559999
03,Allier,2020/2021,2020-06-29,2021-03-29,2021-06-28,13,1538.4615385,52.0,15460.98920329
03,Allier,2021/2022,2021-07-05,2021-12-13,2022-03-14,50,2051.2820513,36.0,28836.095491142
03,Allier,2022/2023,2022-09-12,2022-12-05,2023-06-05,49,2687.5,38.0,37767.879852314014
03,Allier,2023/2024,2023-10-23,2023-12-04,2024-06-24,49,2602.739726,35.0,33279.21577743
03,Allier,2024/2025,2024-07-29,2024-12-23,2025-05-19,52,1262.1359223,42.0,21092.242728886
03,Allier,2025/2026,2025-06-30,2025-07-14,2025-08-04,29,183.48623853,5.0,551.82618338
04,Alpes-de-Haute-Provence,2019/2020,2019-12-30,2020-01-20,2020-06-22,4,1780.8219178,25.0,12458.33230003
04,Alpes-de-Haute-Provence,2020/2021,2020-06-29,2020-11-09,2021-06-28,46,1481.4814815,52.0,17130.258688830003
04,Alpes-de-Haute-Provence,2021/2022,2021-07-05,2021-11-22,2022-06-27,47,2054.7945205,51.0,22634.9445476
04,Alpes-de-Haute-Provence,2022/2023,2022-07-04,2022-12-05,2023-06-26,49,2385.3211009,51.0,26888.62796298
04,Alpes-de-Haute-Provence,2023/2024,2023-07-03,2023-12-11,2024-06-24,50,1403.5087719,51.0,17143.79795485
04,Alpes-de-Haute-Provence,2024/2025,2024-07-01,2024-11-25,2025-06-23,48,2777.7777778,51.0,26119.63904725
04,Alpes-de-Haute-Provence,2025/2026,2025-06-30,2025-07-28,2025-08-04,31,526.31578947,5.0,883.45864661
05,Hautes-Alpes,2019/2020,2019-12-30,2019-12-30,2020-06-22,1,2000.0,25.0,13955.119617639999
05,Hautes-Alpes,2020/2021,2020-06-29,2021-03-29,2021-06-28,13,1224.4897959,52.0,20357.95099229
05,Hautes-Alpes,2021/2022,2021-08-09,2021-12-20,2022-06-06,51,3584.9056604,43.0,38060.941884939995
05,Hautes-Alpes,2022/2023,2022-07-04,2022-11-21,2023-06-26,47,3484.8484848,51.0,38514.67662350999
05,Hautes-Alpes,2023/2024,2023-07-03,2023-12-18,2024-06-24,51,2631.5789474,51.0,34728.50826061
05,Hautes-Alpes,2024/2025,2024-07-01,2025-01-20,2025-06-23,4,1860.4651163,51.0,27827.758908979995
05,Hautes-Alpes,2025/2026,2025-06-30,2025-06-30,2025-08-04,27,312.5,5.0,598.21428571
06,Alpes-Maritimes,2019/2020,2019-12-30,2019-12-30,2020-06-22,1,1746.031746,25.0,14361.496314737
06,Alpes-Maritimes,2020/2021,2020-08-31,2021-03-22,2021-06-28,12,1524.6636771,43.0,24128.360812061
06,Alpes-Maritimes,2021/2022,2021-07-05,2021-11-29,2022-04-18,48,1897.273507935,41.0,28818.088625505
06,Alpes-Maritimes,2022/2023,2022-09-12,2022-11-28,2023-06-12,48,2863.683130122,39.0,39387.05747808499
06,Alpes-Maritimes,2023/2024,2023-09-11,2023-11-27,2024-06-17,48,2431.151115368,40.0,34552.740145972995
06,Alpes-Maritimes,2024/2025,2024-09-09,2024-12-09,2025-06-02,50,1657.819066542,38.0,29917.697645937005
06,Alpes-Maritimes,2025/2026,2025-06-30,2025-07-07,2025-07-14,28,95.93917347,2.0,917.66538075
07,Ardèche,2019/2020,2019-12-30,2020-01-27,2020-06-22,5,1250.0,25.0,2159.09090909
07,Ardèche,2020/2021,2020-06-29,2020-07-27,2021-06-28,31,869.56521739,52.0,5741.417694829999
07,Ardèche,2021/2022,2021-07-05,2022-02-14,2022-06-27,7,1097.5609756,51.0,14363.766447248001
07,Ardèche,2022/2023,2022-09-05,2022-11-14,2023-06-26,46,3518.5185185,42.0,46780.811674130004
07,Ardèche,2023/2024,2023-09-04,2023-10-30,2024-05-20,44,2272.7272727,37.0,37237.02642761
07,Ardèche,2024/2025,2024-07-15,2024-12-02,2025-06-16,49,1772.1518987,48.0,29553.739704399995
07,Ardèche,2025/2026,2025-06-30,2025-07-28,2025-08-04,31,930.23255814,5.0,1655.1846316
08,Ardennes,2019/2020,2019-12-30,2019-12-30,2020-06-22,1,2822.0858896,25.0,16100.45203514
08,Ardennes,2020/2021,2020-06-29,2021-05-24,2021-06-28,21,1363.6363636,52.0,14520.21668161
08,Ardennes,2021/2022,2021-07-05,2021-11-29,2022-06-20,48,2000.0,50.0,33004.2306051
08,Ardennes,2022/2023,2022-08-01,2022-11-28,2023-06-19,48,2666.6666667,46.0,35769.40237832999
08,Ardennes,2023/2024,2023-09-11,2023-11-27,2024-05-27,48,3000.0,37.0,32476.030221729998
08,Ardennes,2024/2025,2024-09-16,2024-12-02,2025-06-09,49,1739.1304348,38.0,23536.989222559998
08,Ardennes,2025/2026,2025-06-30,2025-07-28,2025-08-04,31,350.87719298,5.0,714.09558378
09,Ariège,2019/2020,2019-12-30,2019-12-30,2020-06-22,1,869.56521739,25.0,4187.54767353
09,Ariège,2020/2021,2020-06-29,2020-12-14,2021-06-28,51,1333.3333333,52.0,7420.590005790001
09,Ariège,2021/2022,2021-07-05,2022-01-17,2022-06-27,3,1666.6666667,51.0,12014.36656178
09,Ariège,2022/2023,2022-07-04,2022-10-24,2023-06-26,43,1764.7058824,51.0,19001.140184860004
09,Ariège,2023/2024,2023-07-03,2023-10-23,2024-06-24,43,1481.4814815,51.0,19388.53233262
09,Ariège,2024/2025,2024-07-01,2024-12-09,2025-06-23,50,1612.9032258,51.0,17816.19667739
09,Ariège,2025/2026,2025-06-30,2025-07-14,2025-08-04,29,400.0,5.0,400.0
10,Aube,2019/2020,2019-12-30,2020-01-06,2020-06-22,2,1898.7341772,25.0,9603.89918016
10,Aube,2020/2021,2020-06-29,2021-02-22,2021-06-28,8,1159.4202899,52.0,18915.96841282
10,Aube,2021/2022,2021-07-05,2021-12-06,2022-03-28,49,1393.442623,38.0,27488.163279379998
10,Aube,2022/2023,2022-09-12,2022-11-21,2023-05-01,47,3267.9738562,33.0,38856.2535702
10,Aube,2023/2024,2023-07-17,2024-01-01,2024-04-22,1,2826.0869565,40.0,41324.55938018
10,Aube,2024/2025,2024-07-01,2024-12-09,2025-06-02,50,2698.4126984,48.0,31614.62441721
10,Aube,2025/2026,2025-06-30,2025-07-14,2025-08-04,29,819.67213115,5.0,1582.4348939100003
11,Aude,2019/2020,2019-12-30,2020-01-20,2020-06-22,4,1063.8297872,25.0,7402.127228230001
11,Aude,2020/2021,2020-06-29,2021-06-14,2021-06-28,24,1000.0,52.0,16315.09566155
11,Aude,2021/2022,2021-09-13,2021-12-06,2022-06-20,49,2142.8571429,40.0,22743.619982925997
11,Aude,2022/2023,2022-08-29,2022-11-28,2023-05-29,48,2051.2820513,39.0,31339.01458224
11,Aude,2023/2024,2023-09-18,2023-12-11,2024-06-03,50,2283.4645669,37.0,26533.343983010003
11,Aude,2024/2025,2024-09-16,2024-12-16,2025-06-09,51,1214.953271,38.0,19460.432024940008
11,Aude,2025/2026,2025-06-30,2025-07-28,2025-08-04,31,129.87012987,5.0,352.11979032
12,Aveyron,2019/2020,2019-12-30,2020-03-30,2020-06-22,14,2500.0,25.0,14005.79094191
12,Aveyron,2020/2021,2020-06-29,2021-06-21,2021-06-28,25,1764.7058824,52.0,19950.646189540003
12,Aveyron,2021/2022,2021-07-05,2021-11-08,2022-06-27,45,1875.0,51.0,31881.336026570003
12,Aveyron,2022/2023,2022-09-12,2022-11-21,2023-06-12,47,3278.6885246,39.0,44332.159889359995
12,Aveyron,2023/2024,2023-07-03,2023-12-11,2024-06-24,50,4090.9090909,51.0,43633.190734619995
12,Aveyron,2024/2025,2024-07-01,2024-11-04,2025-06-23,45,2222.2222222,51.0,30278.028550569998
12,Aveyron,2025/2026,2025-06-30,2025-08-04,2025-08-04,32,416.66666667,5.0,416.66666667
13,Bouches-du-Rhône,2019/2020,2019-12-30,2019-12-30,2020-06-22,1,1753.2467532,25.0,10346.735431947001
13,Bouches-du-Rhône,2020/2021,2020-09-07,2021-03-29,2021-06-28,13,1571.6727965389998,42.0,22090.696208482004
13,Bouches-du-Rhône,2021/2022,2021-07-05,2021-11-29,2022-04-18,48,2202.4944781199997,41.0,32325.491759300003
13,Bouches-du-Rhône,2022/2023,2022-09-19,2022-11-28,2023-06-19,48,2985.4938217229997,39.0,38043.279100659
13,Bouches-du-Rhône,2023/2024,2023-09-11,2023-12-04,2024-06-03,49,2447.0155779780002,38.0,35164.552628749
13,Bouches-du-Rhône,2024/2025,2024-08-26,2024-12-09,2025-05-12,50,2071.1435225590003,37.0,26176.511077962998
13,Bouches-du-Rhône,2025/2026,2025-07-21,2025-07-07,2025-08-04,28,92.31532453,2.0,934.10377186
14,Calvados,2019/2020,2019-12-30,2019-12-30,2020-06-22,1,2214.9837134,25.0,18239.290635245998
14,Calvados,2020/2021,2020-08-10,2021-03-22,2021-06-28,12,1767.239541137,46.0,32205.862808495996
14,Calvados,2021/2022,2021-07-05,2021-11-29,2022-05-30,48,2499.540356716,47.0,38394.032803624
14,Calvados,2022/2023,2022-09-12,2022-11-14,2023-06-26,46,2663.7796853100003,41.0,47646.46517003001
14,Calvados,2023/2024,2023-09-04,2023-11-20,2024-05-13,47,3192.414932615,36.0,42836.255570055
14,Calvados,2024/2025,2024-09-09,2024-12-02,2025-06-23,49,1428.5714286,41.0,27571.089312670003
14,Calvados,2025/2026,2025-06-30,2025-07-07,2025-07-14,28,310.17566071,2.0,1260.57770203
15,Cantal,2019/2020,2019-12-30,2020-05-25,2020-06-22,22,2500.0,25.0,15989.9552195
15,Cantal,2020/2021,2020-06-29,2021-04-12,2021-06-28,15,2000.0,52.0,15464.87516613
15,Cantal,2021/2022,2021-07-05,2021-10-25,2022-06-27,43,3200.0,51.0,36903.340521900005
15,Cantal,2022/2023,2022-07-04,2022-11-21,2023-06-26,47,3404.2553191,51.0,35862.465069419995
15,Cantal,2023/2024,2023-07-03,2023-12-11,2024-06-24,50,3333.3333333,51.0,36832.97338604
15,Cantal,2024/2025,2024-07-01,2025-01-13,2025-06-23,3,2608.6956522,51.0,16937.25231747
15,Cantal,2025/2026,2025-06-30,2025-06-30,2025-08-04,27,0.0,5.0,0.0
16,Charente,2019/2020,2019-12-30,2020-01-13,2020-06-22,3,909.09090909,25.0,3415.04329005
16,Charente,2020/2021,2020-06-29,2021-06-21,2021-06-28,25,1609.1954023,52.0,18472.41227189
16,Charente,2021/2022,2021-07-05,2021-11-29,2022-06-13,48,2077.9220779,49.0,36113.91083555
16,Charente,2022/2023,2022-08-08,2022-11-21,2023-06-05,47,4126.984127,43.0,56126.81600117
16,Charente,2023/2024,2023-09-25,2023-12-11,2024-06-24,50,3921.5686275,39.0,47690.53829107
16,Charente,2024/2025,2024-09-09,2024-12-09,2025-05-05,50,2523.364486,34.0,30744.1810179
16,Charente,2025/2026,2025-06-30,2025-06-30,2025-08-04,27,454.54545455,5.0,985.13001835
17,Charente-Maritime,2019/2020,2019-12-30,2019-12-30,2020-06-22,1,2571.4285714,25.0,15728.543260749999
17,Charente-Maritime,2020/2021,2020-07-27,2021-06-21,2021-06-28,25,970.87378641,48.0,19440.89332789
17,Charente-Maritime,2021/2022,2021-07-05,2021-11-29,2022-06-13,48,2254.3352601,49.0,32864.523145272
17,Charente-Maritime,2022/2023,2022-10-10,2022-11-21,2023-06-05,47,3177.0833333,34.0,45681.604070436
17,Charente-Maritime,2023/2024,2023-08-28,2023-11-27,2024-04-22,48,3373.015873,34.0,50078.522291817004
17,Charente-Maritime,2024/2025,2024-09-09,2024-11-25,2025-06-09,48,1465.5172414,39.0,30902.496264859
17,Charente-Maritime,2025/2026,2025-06-30,2025-07-07,2025-07-28,28,90.12644605499999,4.0,823.3827264700001
18,Cher,2019/2020,2019-12-30,2020-03-16,2020-06-22,12,2500.0,25.0,19932.24499879
18,Cher,2020/2021,2020-06-29,2021-03-29,2021-06-28,13,2857.1428571,52.0,25204.7861924
18,Cher,2021/2022,2021-08-02,2021-10-25,2022-04-04,43,2537.3134328,35.0,43453.90485304999
18,Cher,2022/2023,2022-07-11,2022-12-05,2023-06-19,49,3015.8730159,49.0,36786.71042711
18,Cher,2023/2024,2023-09-04,2023-11-13,2024-06-10,46,2857.1428571,40.0,42877.382635429996
18,Cher,2024/2025,2024-07-01,2024-12-16,2025-06-16,51,1573.0337079,50.0,27669.03294858
18,Cher,2025/2026,2025-06-30,2025-07-07,2025-08-04,28,697.6744186,5.0,1582.59505352
19,Corrèze,2019/2020,2019-12-30,2020-01-13,2020-06-22,3,1020.4081633,25.0,7143.44119127
19,Corrèze,2020/2021,2020-06-29,2021-02-08,2021-06-28,6,1282.0512821,52.0,15807.91100511
19,Corrèze,2021/2022,2021-07-05,2021-12-13,2022-06-27,50,1911.7647059,51.0,28002.625518509998
19,Corrèze,2022/2023,2022-07-04,2022-12-12,2023-05-29,50,2500.0,47.0,36465.03800133
19,Corrèze,2023/2024,2023-10-09,2023-12-18,2024-06-17,51,2647.0588235,36.0,35481.31290048001
19,Corrèze,2024/2025,2024-09-30,2025-03-31,2025-06-23,14,1818.1818182,38.0,26277.799195630003
19,Corrèze,2025/2026,2025-06-30,2025-06-30,2025-08-04,27,517.24137931,5.0,517.24137931
21,Côte-d'Or,2019/2020,2019-12-30,2019-12-30,2020-06-22,1,1785.7142857,25.0,13185.60820608
21,Côte-d'Or,2020/2021,2020-09-07,2021-04-05,2021-06-07,14,1508.3798883,39.0,25805.0146312
21,Côte-d'Or,2021/2022,2021-07-05,2021-11-29,2022-04-25,48,2134.1463415,42.0,34067.946082728005
21,Côte-d'Or,2022/2023,2022-07-04,2022-11-14,2023-06-12,46,3230.2405498,49.0,48059.528579640006
21,Côte-d'Or,2023/2024,2023-09-11,2023-11-27,2024-06-10,48,2310.6060606,39.0,35320.56800225
21,Côte-d'Or,2024/2025,2024-09-02,2024-12-16,2025-06-09,51,1721.3114754,40.0,30884.357263830003
21,Côte-d'Or,2025/2026,2025-06-30,2025-07-07,2025-08-04,28,141.84397163,5.0,356.34324862299997
22,Côtes-d'Armor,2019/2020,2019-12-30,2019-12-30,2020-06-22,1,1893.4911243,25.0,14079.562553430002
22,Côtes-d'Armor,2020/2021,2020-09-21,2021-06-28,2021-06-28,26,1510.7913669,40.0,26329.892582557997
22,Côtes-d'Armor,2021/2022,2021-07-05,2021-12-13,2022-05-09,50,2251.295727855,44.0,33892.032066933
22,Côtes-d'Armor,2022/2023,2022-09-12,2022-10-31,2023-06-26,44,2614.6788991,41.0,42516.759528221
22,Côtes-d'Armor,2023/2024,2023-09-11,2023-11-27,2024-06-17,48,3738.7387387,40.0,44073.978662609996
22,Côtes-d'Armor,2024/2025,2024-09-09,2024-12-30,2025-05-19,1,2000.0,36.0,28241.391626104
22,Côtes-d'Armor,2025/2026,2025-06-30,2025-06-30,2025-07-21,27,329.311211664,3.0,1259.3238504259998
23,Creuse,2019/2020,2019-12-30,2020-02-24,2020-06-22,9,3333.3333333,25.0,11090.786664309999
23,Creuse,2020/2021,2020-06-29,2020-11-09,2021-06-28,46,2500.0,52.0,14915.860283540002
23,Creuse,2021/2022,2021-07-05,2021-07-19,2022-06-27,29,3333.3333333,51.0,11205.73870569
23,Creuse,2022/2023,2022-07-04,2022-11-14,2023-06-26,46,3125.0,51.0,20957.9033368
23,Creuse,2023/2024,2023-07-03,2023-12-18,2024-06-24,51,2352.9411765,51.0,17567.970265070002
23,Creuse,2024/2025,2024-07-01,2025-02-24,2025-06-23,9,2500.0,51.0,11883.32908926
23,Creuse,2025/2026,2025-06-30,2025-08-04,2025-08-04,32,2500.0,5.0,2500.0
24,Dordogne,2019/2020,2019-12-30,2019-12-30,2020-06-22,1,2881.3559322,25.0,10057.54692607
24,Dordogne,2020/2021,2020-06-29,2021-03-29,2021-06-28,13,1014.4927536,52.0,14974.745512939999
24,Dordogne,2021/2022,2021-07-19,2021-11-29,2022-05-16,48,2987.012987,43.0,38582.19544092
24,Dordogne,2022/2023,2022-07-04,2022-11-14,2023-06-26,46,2894.7368421,51.0,36405.50907548
24,Dordogne,2023/2024,2023-07-03,2023-12-18,2024-06-24,51,3134.3283582,51.0,25570.83390501
24,Dordogne,2024/2025,2024-07-01,2024-12-02,2025-06-23,49,2400.0,51.0,27242.96995041
24,Dordogne,2025/2026,2025-06-30,2025-08-04,2025-08-04,32,555.55555556,5.0,555.55555556
25,Doubs,2019/2020,2019-12-30,2019-12-30,2020-06-22,1,2897.7272727,25.0,18181.802928819998
25,Doubs,2020/2021,2020-09-07,2021-06-21,2021-06-28,25,1764.7058824,42.0,25648.321568280004
25,Doubs,2021/2022,2021-07-05,2021-12-06,2022-03-28,49,2016.7675826789998,38.0,38920.078954701
25,Doubs,2022/2023,2022-09-05,2022-12-05,2023-06-12,49,4423.9631336,40.0,48809.122541541
25,Doubs,2023/2024,2023-09-18,2023-12-25,2024-05-06,52,3478.2608696,33.0,47829.713947000004
25,Doubs,2024/2025,2024-07-01,2024-12-09,2025-06-23,50,2416.1073826,51.0,36692.94640404
25,Doubs,2025/2026,2025-06-30,2025-07-14,2025-07-14,29,769.23076923,2.0,2188.34321573
26,Drôme,2019/2020,2019-12-30,2019-12-30,2020-06-22,1,2699.6197719,25.0,18911.34354823
26,Drôme,2020/2021,2020-08-31,2021-03-22,2021-06-28,12,1677.852349,43.0,27775.435360848
26,Drôme,2021/2022,2021-07-05,2021-12-06,2022-04-18,49,2262.9875384399998,41.0,37710.40516671
26,Drôme,2022/2023,2022-07-04,2022-11-21,2023-05-15,47,4058.3554377,45.0,44643.33734160999
26,Drôme,2023/2024,2023-08-28,2023-12-11,2024-05-06,50,2570.6940874,36.0,34006.229597446
26,Drôme,2024/2025,2024-09-16,2024-12-23,2025-06-02,52,1701.4925373,37.0,27302.975438945
26,Drôme,2025/2026,2025-07-07,2025-08-04,2025-08-04,32,145.359335502,4.0,693.093403543
27,Eure,2019/2020,2019-12-30,2020-01-20,2020-06-22,4,1052.6315789,25.0,3431.8586320500003
27,Eure,2020/2021,2020-06-29,2021-01-18,2021-06-28,3,2105.2631579,52.0,23278.977355919997
27,Eure,2021/2022,2021-07-05,2022-02-28,2022-06-27,9,1538.4615385,51.0,9944.10061903
27,Eure,2022/2023,2022-09-26,2022-11-14,2023-06-26,46,2500.0,39.0,34915.54943531
27,Eure,2023/2024,2023-08-28,2023-11-20,2024-06-17,47,1643.8356164,42.0,28918.698793544998
27,Eure,2024/2025,2024-09-09,2024-12-09,2025-06-23,50,1827.9569892,41.0,23808.765134870002
27,Eure,2025/2026,2025-07-14,2025-08-04,2025-08-04,32,48.49072614900001,3.0,637.5722503769999
28,Eure-et-Loir,2019/2020,2019-12-30,2020-01-27,2020-06-22,5,1250.0,25.0,4644.76346
28,Eure-et-Loir,2020/2021,2020-06-29,2021-04-12,2021-06-28,15,1034.4827586,52.0,8671.70454511
28,Eure-et-Loir,2021/2022,2021-07-05,2021-11-22,2022-06-27,47,2222.2222222,51.0,27063.970106183
28,Eure-et-Loir,2022/2023,2022-09-05,2022-11-14,2023-05-01,46,3115.5778894,34.0,41765.011379874006
28,Eure-et-Loir,2023/2024,2023-09-25,2023-11-27,2024-04-29,48,2228.1285900390003,31.0,37567.727012596995
28,Eure-et-Loir,2024/2025,2024-07-01,2024-11-25,2025-06-02,48,1667.333786945,48.0,27784.917091706004
28,Eure-et-Loir,2025/2026,2025-07-21,2025-07-07,2025-08-04,28,340.13605442,2.0,1217.12614766
29,Finistère,2019/2020,2019-12-30,2020-01-27,2020-06-22,5,1659.5744681,25.0,15210.47044431
29,Finistère,2020/2021,2020-09-07,2021-03-29,2021-06-28,13,2264.1509434,42.0,35016.302069027006
29,Finistère,2021/2022,2021-07-05,2021-12-06,2022-06-27,49,2149.5327102749998,51.0,44646.253861964986
29,Finistère,2022/2023,2022-07-04,2022-12-05,2023-06-26,49,3123.1589841799996,51.0,51458.38486057
29,Finistère,2023/2024,2023-09-18,2023-11-06,2024-06-17,45,2844.9519231,39.0,46794.73231849
29,Finistère,2024/2025,2024-09-09,2024-11-25,2025-05-12,48,2319.5876289,35.0,36623.41200952
29,Finistère,2025/2026,2025-06-30,2025-06-30,2025-07-28,27,270.042194089,4.0,1108.870820671
2A,Corse-du-Sud,2019/2020,2019-12-30,2020-03-02,2020-06-22,10,1500.0,25.0,8714.50284496
2A,Corse-du-Sud,2020/2021,2020-06-29,2020-09-21,2021-06-28,39,1111.1111111,52.0,12155.43088057
2A,Corse-du-Sud,2021/2022,2021-07-05,2021-12-13,2022-06-27,50,1935.483871,51.0,26951.50362656
2A,Corse-du-Sud,2022/2023,2022-07-04,2022-12-05,2023-06-26,49,2857.1428571,51.0,29792.89010983
2A,Corse-du-Sud,2023/2024,2023-07-03,2023-12-11,2024-06-24,50,2241.3793103,51.0,26846.44699258
2A,Corse-du-Sud,2024/2025,2024-07-01,2025-03-31,2025-06-23,14,2142.8571429,51.0,21351.5840588
2A,Corse-du-Sud,2025/2026,2025-06-30,2025-07-07,2025-08-04,28,285.71428571,5.0,694.55867453
2B,Haute-Corse,2019/2020,2019-12-30,2020-01-27,2020-06-22,5,1568.627451,25.0,9557.34929948
2B,Haute-Corse,2020/2021,2020-06-29,2021-03-08,2021-06-28,10,2222.2222222,52.0,12189.27272051
2B,Haute-Corse,2021/2022,2021-07-05,2021-11-01,2022-06-27,44,1929.8245614,51.0,24022.46435963
2B,Haute-Corse,2022/2023,2022-09-12,2023-01-09,2023-06-05,2,2115.3846154,38.0,32021.495373640006
2B,Haute-Corse,2023/2024,2023-07-03,2023-12-18,2024-06-24,51,2179.4871795,51.0,25135.70898879
2B,Haute-Corse,2024/2025,2024-07-01,2025-01-06,2025-06-23,2,1750.0,51.0,24108.665563770002
2B,Haute-Corse,2025/2026,2025-06-30,2025-06-30,2025-08-04,27,277.77777778,5.0,277.77777778
30,Gard,2019/2020,2019-12-30,2019-12-30,2020-06-22,1,2282.9581994,25.0,16154.65819436
30,Gard,2020/2021,2020-08-24,2021-04-05,2021-06-28,14,1464.6464646,44.0,28214.573648002002
30,Gard,2021/2022,2021-07-05,2021-11-29,2022-05-16,48,2116.89708141,45.0,40849.21153059
30,Gard,2022/2023,2022-09-12,2022-11-21,2023-05-01,47,2763.8190955,33.0,44400.877087368004
30,Gard,2023/2024,2023-09-11,2023-12-18,2024-06-24,51,2949.1525424,41.0,40313.70271976001
30,Gard,2024/2025,2024-09-16,2024-12-16,2025-06-16,51,2021.2765957,39.0,28641.713435213
30,Gard,2025/2026,2025-06-30,2025-06-30,2025-08-04,27,238.0952381,5.0,432.096984412
31,Haute-Garonne,2019/2020,2019-12-30,2019-12-30,2020-05-25,1,2866.6666667,21.0,18725.257641204
31,Haute-Garonne,2020/2021,2020-09-07,2021-03-29,2021-06-28,13,2190.2654867,42.0,34424.805807239
31,Haute-Garonne,2021/2022,2021-07-05,2021-11-29,2022-05-09,48,2738.21012675,44.0,46650.02599064
31,Haute-Garonne,2022/2023,2022-07-04,2022-11-21,2023-05-08,47,3135.49618321,44.0,51126.0318651
31,Haute-Garonne,2023/2024,2023-09-11,2023-11-20,2024-05-27,47,2933.181032501,37.0,44549.095220398995
31,Haute-Garonne,2024/2025,2024-09-09,2024-12-16,2025-06-02,51,2088.7245841,38.0,34373.843646220004
31,Haute-Garonne,2025/2026,2025-07-07,2025-07-14,2025-08-04,29,121.89796958000001,4.0,996.04179206
32,Gers,2019/2020,2019-12-30,2019-12-30,2020-06-22,1,2352.9411765,25.0,13588.689759149998
32,Gers,2020/2021,2020-06-29,2020-11-02,2021-06-28,45,1818.1818182,52.0,16542.2844699
32,Gers,2021/2022,2021-07-05,2022-01-03,2022-06-27,1,2941.1764706,51.0,33692.22429025
32,Gers,2022/2023,2022-07-04,2022-12-26,2023-06-26,52,2903.2258065,51.0,39752.07489919999
32,Gers,2023/2024,2023-07-03,2023-11-27,2024-06-24,48,5833.3333333,51.0,35791.318953710004
32,Gers,2024/2025,2024-07-01,2024-12-16,2025-06-23,51,3636.3636364,51.0,30593.19997056
32,Gers,2025/2026,2025-06-30,2025-07-21,2025-08-04,30,1428.5714286,5.0,1954.88721807
33,Gironde,2019/2020,2019-12-30,2019-12-30,2020-06-22,1,1908.5487078,25.0,12732.237950923
33,Gironde,2020/2021,2020-09-07,2021-04-05,2021-06-28,14,1369.047619,42.0,23572.076023772002
33,Gironde,2021/2022,2021-07-05,2021-11-29,2022-06-06,48,2230.4054999600003,48.0,43582.94912182
33,Gironde,2022/2023,2022-07-04,2022-11-28,2023-05-22,48,3476.968467673,46.0,50200.401200147
33,Gironde,2023/2024,2023-09-11,2023-11-20,2024-05-20,47,3194.326290432,36.0,38295.075617327995
33,Gironde,2024/2025,2024-09-09,2024-12-09,2025-06-23,50,1852.654387889,41.0,28659.905782210993
33,Gironde,2025/2026,2025-07-21,2025-07-07,2025-08-04,28,118.14329122000001,2.0,1011.85548392
34,Hérault,2019/2020,2019-12-30,2019-12-30,2020-04-27,1,2096.5058236,17.0,17337.619514231003
34,Hérault,2020/2021,2020-09-07,2021-04-12,2021-06-28,15,1344.0860215,42.0,24458.111303213005
34,Hérault,2021/2022,2021-07-05,2021-11-29,2022-04-11,48,1681.9379566300001,40.0,36879.89913487999
34,Hérault,2022/2023,2022-09-12,2022-11-21,2023-06-19,47,2954.829833324,40.0,45435.233665957
34,Hérault,2023/2024,2023-09-11,2023-12-04,2024-06-03,49,2326.338017835,38.0,37442.886243395
34,Hérault,2024/2025,2024-09-16,2024-12-09,2025-05-26,50,1579.9688648879999,36.0,30022.737547961995
34,Hérault,2025/2026,2025-07-07,2025-07-28,2025-08-04,31,332.799886198,4.0,1163.211370872
35,Ille-et-Vilaine,2019/2020,2019-12-30,2019-12-30,2020-06-22,1,2053.3333333,25.0,12736.526366049
35,Ille-et-Vilaine,2020/2021,2020-09-07,2021-03-29,2021-06-28,13,2000.0,42.0,28726.141076477
35,Ille-et-Vilaine,2021/2022,2021-07-05,2021-12-20,2022-06-27,51,1951.58778089,51.0,38376.67624799999
35,Ille-et-Vilaine,2022/2023,2022-07-04,2022-11-28,2023-06-19,48,2895.28795812,50.0,49896.10946004
35,Ille-et-Vilaine,2023/2024,2023-09-11,2023-11-27,2024-06-03,48,3153.34676914,38.0,41589.505620597
35,Ille-et-Vilaine,2024/2025,2024-07-01,2024-12-09,2025-06-09,50,1890.771028037,49.0,32950.344405125004
35,Ille-et-Vilaine,2025/2026,2025-06-30,2025-07-14,2025-07-28,29,237.620471919,4.0,1190.394447551
36,Indre,2019/2020,2019-12-30,2019-12-30,2020-06-22,1,1935.483871,25.0,14037.284676219999
36,Indre,2020/2021,2020-06-29,2021-04-19,2021-06-28,16,1600.0,52.0,17170.22638502
36,Indre,2021/2022,2021-07-05,2021-11-15,2022-06-27,46,2727.2727273,51.0,25831.38451883
36,Indre,2022/2023,2022-07-04,2022-10-31,2023-06-26,44,3181.8181818,51.0,39319.099799580006
36,Indre,2023/2024,2023-07-03,2023-11-20,2024-06-24,47,4000.0,51.0,20685.61464988
36,Indre,2024/2025,2024-07-01,2025-04-07,2025-06-23,15,1333.3333333,51.0,17252.485561870002
36,Indre,2025/2026,2025-06-30,2025-07-14,2025-08-04,29,416.66666667,5.0,416.66666667
37,Indre-et-Loire,2019/2020,2019-12-30,2019-12-30,2020-06-22,1,2682.9268293,25.0,17826.27053847
37,Indre-et-Loire,2020/2021,2020-09-07,2021-03-22,2021-06-28,12,1842.1052632,42.0,28203.205639597
37,Indre-et-Loire,2021/2022,2021-07-05,2021-11-22,2022-05-23,47,2901.9607843,46.0,45537.042837674
37,Indre-et-Loire,2022/2023,2022-09-12,2022-11-21,2023-06-05,47,4314.516129,38.0,56959.38930391201
37,Indre-et-Loire,2023/2024,2023-09-04,2023-12-04,2024-06-03,49,3539.0946502,39.0,51395.847336052
37,Indre-et-Loire,2024/2025,2024-09-09,2024-12-02,2025-06-23,49,2592.5925926,41.0,34482.285779868
37,Indre-et-Loire,2025/2026,2025-06-30,2025-06-30,2025-08-04,27,135.13513514,5.0,352.325038715
38,Isère,2019/2020,2019-12-30,2019-12-30,2020-06-15,1,2310.3448276,24.0,17146.079861073005
38,Isère,2020/2021,2020-09-07,2021-04-12,2021-06-28,15,1408.952781655,42.0,28937.464502649
38,Isère,2021/2022,2021-07-05,2021-11-22,2022-04-25,47,2495.166088807,42.0,39353.923499123994
38,Isère,2022/2023,2022-08-29,2022-11-21,2023-05-08,47,3456.8020180579997,36.0,46233.240371757
38,Isère,2023/2024,2023-09-18,2023-11-27,2024-06-03,48,2540.038759396,37.0,33905.878496162004
38,Isère,2024/2025,2024-09-02,2024-12-16,2025-06-16,51,1564.6258503,41.0,26866.094811804003
38,Isère,2025/2026,2025-06-30,2025-06-30,2025-07-28,27,127.63278387999999,4.0,955.65734557
39,Jura,2019/2020,2019-12-30,2020-03-16,2020-06-22,12,1764.7058824,25.0,10812.98311795
39,Jura,2020/2021,2020-06-29,2020-10-26,2021-06-28,44,1200.0,52.0,17391.859953730007
39,Jura,2021/2022,2021-07-12,2021-12-13,2022-05-09,50,1818.1818182,43.0,26650.1145467
39,Jura,2022/2023,2022-08-29,2022-11-14,2023-05-22,46,2471.9101124,38.0,32394.76465894
39,Jura,2023/2024,2023-10-02,2023-12-11,2024-06-24,50,2100.0,38.0,31764.730432289994
39,Jura,2024/2025,2024-07-01,2024-12-02,2025-06-23,49,1379.3103448,51.0,17972.471440220004
39,Jura,2025/2026,2025-06-30,2025-07-21,2025-08-04,30,322.58064516,5.0,714.88833747
40,Landes,2019/2020,2019-12-30,2019-12-30,2020-06-22,1,2083.3333333,25.0,14740.119937880001
40,Landes,2020/2021,2020-08-03,2021-06-28,2021-06-28,26,1969.6969697,47.0,21992.031295650002
40,Landes,2021/2022,2021-07-05,2021-11-29,2022-06-27,48,2358.490566,51.0,36477.60162548
40,Landes,2022/2023,2022-07-04,2022-11-21,2023-05-22,47,4295.7746479,46.0,51676.66096883
40,Landes,2023/2024,2023-09-04,2023-12-11,2024-06-24,50,2410.7142857,42.0,31112.43024039
40,Landes,2024/2025,2024-10-07,2024-12-02,2025-05-12,49,2315.7894737,31.0,27142.245878120004
40,Landes,2025/2026,2025-06-30,2025-07-14,2025-08-04,29,689.65517241,5.0,1649.7691325300002
41,Loir-et-Cher,2019/2020,2019-12-30,2020-01-13,2020-06-22,3,1235.9550562,25.0,10469.074255849999
41,Loir-et-Cher,2020/2021,2020-06-29,2021-04-12,2021-06-28,15,1707.3170732,52.0,16435.03393873
41,Loir-et-Cher,2021/2022,2021-07-05,2021-11-15,2022-06-06,46,1938.7755102,48.0,31113.012949461998
41,Loir-et-Cher,2022/2023,2022-09-05,2022-11-28,2023-05-15,48,2371.1340206,36.0,33857.477697862
41,Loir-et-Cher,2023/2024,2023-08-28,2023-11-27,2024-05-20,48,2229.2993631,38.0,21916.009198697
41,Loir-et-Cher,2024/2025,2024-07-01,2024-12-23,2025-05-05,52,972.22222222,44.0,14581.529001186002
41,Loir-et-Cher,2025/2026,2025-06-30,2025-07-28,2025-07-28,31,263.15789474,4.0,823.7870254300001
42,Loire,2019/2020,2019-12-30,2019-12-30,2020-06-22,1,2416.4524422,25.0,20991.14823065
42,Loire,2020/2021,2020-09-07,2021-03-29,2021-06-28,13,1308.6419753,42.0,26414.497330869
42,Loire,2021/2022,2021-07-05,2021-11-29,2022-06-20,48,2553.468892029,50.0,41359.920644367005
42,Loire,2022/2023,2022-09-12,2022-11-21,2023-06-26,47,3385.9649123,41.0,49446.80434036
42,Loire,2023/2024,2023-09-11,2023-12-11,2024-06-03,50,3098.0895916,38.0,42917.33834195
42,Loire,2024/2025,2024-09-23,2024-12-09,2025-06-09,50,1931.1203800170001,37.0,32549.661264506005
42,Loire,2025/2026,2025-07-07,2025-07-28,2025-08-04,31,139.93227402999997,4.0,1064.93153915
43,Haute-Loire,2019/2020,2019-12-30,2020-01-20,2020-06-22,4,2500.0,25.0,4500.0
43,Haute-Loire,2020/2021,2020-06-29,2021-01-25,2021-06-28,4,2500.0,52.0,4166.6666667
43,Haute-Loire,2021/2022,2021-07-05,2021-12-20,2022-06-27,51,1694.9152542,51.0,15801.769686480002
43,Haute-Loire,2022/2023,2022-07-04,2022-12-19,2023-06-26,51,4590.1639344,51.0,41926.90765406001
43,Haute-Loire,2023/2024,2023-07-03,2023-12-11,2024-06-24,50,2280.7017544,51.0,27733.61918165
43,Haute-Loire,2024/2025,2024-07-01,2024-12-16,2025-06-23,51,2564.1025641,51.0,36648.897346410005
43,Haute-Loire,2025/2026,2025-06-30,2025-07-28,2025-08-04,31,333.33333333,5.0,603.6036036
44,Loire-Atlantique,2019/2020,2019-12-30,2019-12-30,2020-05-25,1,2162.9213483,21.0,19841.613652581
44,Loire-Atlantique,2020/2021,2020-07-06,2021-03-22,2021-06-28,12,2524.9169435,51.0,39775.020477026
44,Loire-Atlantique,2021/2022,2021-07-05,2021-11-29,2022-06-27,48,2840.9451819600004,51.0,53489.162133189995
44,Loire-Atlantique,2022/2023,2022-07-04,2022-11-21,2023-05-01,47,4552.6315789,43.0,67614.91864995
44,Loire-Atlantique,2023/2024,2023-09-11,2023-11-27,2024-05-06,48,3628.099734995,34.0,56366.396054635006
44,Loire-Atlantique,2024/2025,2024-09-16,2024-12-16,2025-06-09,51,2361.6236162,38.0,36734.706611695
44,Loire-Atlantique,2025/2026,2025-06-30,2025-07-21,2025-07-28,30,352.94117647,4.0,1472.27271223
45,Loiret,2019/2020,2019-12-30,2019-12-30,2020-06-22,1,2650.1766784,25.0,17949.66505977
45,Loiret,2020/2021,2020-08-24,2021-02-22,2021-06-07,8,1979.6954315,41.0,28049.083001551004
45,Loiret,2021/2022,2021-09-06,2021-11-22,2022-05-23,47,1737.397350619,37.0,31430.581633182002
45,Loiret,2022/2023,2022-07-04,2022-11-21,2023-05-29,47,3067.9974175730003,47.0,41386.493044222
45,Loiret,2023/2024,2023-09-25,2023-11-20,2024-05-20,47,2869.126378311,34.0,39246.099192889
45,Loiret,2024/2025,2024-09-16,2024-11-25,2025-06-16,48,2143.870314081,39.0,35756.38378700901
45,Loiret,2025/2026,2025-07-21,2025-07-07,2025-08-04,28,260.770975055,2.0,1314.212723745
46,Lot,2019/2020,2019-12-30,2020-02-03,2020-06-22,6,1000.0,25.0,4923.02895473
46,Lot,2020/2021,2020-06-29,2021-01-04,2021-06-28,1,2000.0,52.0,9618.186408180001
46,Lot,2021/2022,2021-07-05,2021-10-25,2022-06-27,43,1025.6410256,51.0,15977.40564657
46,Lot,2022/2023,2022-07-04,2023-01-09,2023-06-26,2,2500.0,51.0,25885.47027899
46,Lot,2023/2024,2023-07-03,2023-12-04,2024-06-24,49,2820.5128205,51.0,30951.09748502
46,Lot,2024/2025,2024-07-01,2025-01-13,2025-06-23,3,1428.5714286,51.0,23183.59670853
46,Lot,2025/2026,2025-06-30,2025-07-07,2025-08-04,28,769.23076923,5.0,1357.46606335
47,Lot-et-Garonne,2019/2020,2019-12-30,2020-01-06,2020-06-22,2,1898.7341772,25.0,15609.7790116
47,Lot-et-Garonne,2020/2021,2020-08-03,2021-06-07,2021-06-28,23,1791.0447761,47.0,26843.716819380003
47,Lot-et-Garonne,2021/2022,2021-07-05,2021-11-22,2022-06-06,47,2068.9655172,48.0,31578.769117159998
47,Lot-et-Garonne,2022/2023,2022-07-04,2022-11-28,2023-06-19,48,4054.0540541,50.0,56227.59534446
47,Lot-et-Garonne,2023/2024,2023-07-10,2023-12-04,2024-05-20,49,4351.8518519,45.0,49747.184990040005
47,Lot-et-Garonne,2024/2025,2024-09-09,2024-12-23,2025-06-09,52,2553.1914894,39.0,34593.10137146
47,Lot-et-Garonne,2025/2026,2025-06-30,2025-07-21,2025-08-04,30,384.61538462,5.0,729.54550653
48,Lozère,2019/2020,2019-12-30,2020-03-30,2020-06-22,14,10000.0,25.0,20000.0
48,Lozère,2020/2021,2020-06-29,2020-10-19,2021-06-28,43,10000.0,52.0,18958.333333389997
48,Lozère,2021/2022,2021-07-05,2021-11-01,2022-06-27,44,2000.0,51.0,15708.18289035
48,Lozère,2022/2023,2022-07-04,2022-12-05,2023-06-26,49,3809.5238095,51.0,27080.45561284
48,Lozère,2023/2024,2023-07-03,2023-12-18,2024-06-24,51,1851.8518519,51.0,18196.475150870003
48,Lozère,2024/2025,2024-07-01,2025-05-19,2025-06-23,21,1666.6666667,51.0,11402.87338509
48,Lozère,2025/2026,2025-06-30,2025-06-30,2025-08-04,27,0.0,5.0,0.0
49,Maine-et-Loire,2019/2020,2019-12-30,2019-12-30,2020-06-22,1,2171.0526316,25.0,18273.95861071
49,Maine-et-Loire,2020/2021,2020-09-07,2021-01-25,2021-06-21,4,1627.9069767,41.0,31209.623376497995
49,Maine-et-Loire,2021/2022,2021-07-05,2021-11-29,2022-05-16,48,2376.8064960700003,45.0,38658.349463152015
49,Maine-et-Loire,2022/2023,2022-09-19,2022-11-21,2023-06-12,47,3939.3939394,38.0,51503.83784613199
49,Maine-et-Loire,2023/2024,2023-07-03,2023-11-27,2024-05-06,48,3395.6024080750003,44.0,48118.291126635
49,Maine-et-Loire,2024/2025,2024-09-09,2024-12-16,2025-06-16,51,1433.0218069,40.0,25107.243873054005
49,Maine-et-Loire,2025/2026,2025-07-21,2025-07-28,2025-08-04,31,195.631528968,2.0,958.250938172
50,Manche,2019/2020,2019-12-30,2020-01-27,2020-06-22,5,2380.952381,25.0,21001.19401222
50,Manche,2020/2021,2020-08-17,2021-06-28,2021-06-28,26,2323.2323232,45.0,29051.917759280004
50,Manche,2021/2022,2021-07-05,2021-12-06,2022-05-16,49,1975.449054785,45.0,42470.496667345
50,Manche,2022/2023,2022-07-04,2022-11-28,2023-06-12,48,3403.846153846,49.0,56546.474257074005
50,Manche,2023/2024,2023-09-04,2023-11-20,2024-04-22,47,3629.6296296,33.0,59584.94519007
50,Manche,2024/2025,2024-07-01,2024-12-23,2025-06-23,52,2072.5388601,51.0,32488.560304733994
50,Manche,2025/2026,2025-06-30,2025-08-04,2025-07-21,32,222.22222222,3.0,809.79735493
51,Marne,2019/2020,2019-12-30,2019-12-30,2020-06-22,1,1295.3367876,25.0,11242.62502491
51,Marne,2020/2021,2020-08-31,2021-03-22,2021-06-28,12,1440.6779661,43.0,17236.280238868
51,Marne,2021/2022,2021-07-05,2021-11-15,2022-04-25,46,1931.8181818,42.0,33455.324632459
51,Marne,2022/2023,2022-09-12,2022-11-21,2023-06-12,47,3211.6788321,39.0,41976.52183942201
51,Marne,2023/2024,2023-07-03,2023-11-27,2024-04-08,48,2295.7198444,40.0,31418.926214709998
51,Marne,2024/2025,2024-09-16,2024-11-25,2025-06-09,48,1614.5833333,38.0,24550.36514717
51,Marne,2025/2026,2025-06-30,2025-06-30,2025-07-28,27,208.33333333,4.0,610.0332548260001
52,Haute-Marne,2019/2020,2019-12-30,2020-01-20,2020-06-22,4,2222.2222222,25.0,15689.59395236
52,Haute-Marne,2020/2021,2020-06-29,2021-01-11,2021-06-28,2,1666.6666667,52.0,15716.445175490002
52,Haute-Marne,2021/2022,2021-07-05,2021-12-20,2022-05-16,51,2941.1764706,45.0,31464.39229549
52,Haute-Marne,2022/2023,2022-07-04,2022-11-21,2023-06-26,47,3181.8181818,51.0,39356.95630014
52,Haute-Marne,2023/2024,2023-07-03,2023-12-25,2024-06-24,52,3877.5510204,51.0,35225.27057581
52,Haute-Marne,2024/2025,2024-07-01,2024-11-25,2025-06-23,48,1666.6666667,51.0,25347.780864369997
52,Haute-Marne,2025/2026,2025-06-30,2025-06-30,2025-08-04,27,0.0,5.0,0.0
53,Mayenne,2019/2020,2019-12-30,2019-12-30,2020-06-22,1,0.0,25.0,0.0
53,Mayenne,2020/2021,2020-06-29,2021-04-05,2021-06-28,14,1728.3950617,52.0,23393.87918676
53,Mayenne,2021/2022,2021-07-05,2021-11-22,2022-06-27,47,3200.0,51.0,38721.541008609995
53,Mayenne,2022/2023,2022-07-04,2022-11-14,2023-06-26,46,3571.4285714,51.0,46125.89051981
53,Mayenne,2023/2024,2023-07-03,2023-11-27,2024-06-24,48,3253.0120482,51.0,23248.77033493
53,Mayenne,2024/2025,2024-07-01,2024-10-21,2025-06-23,43,1428.5714286,51.0,3142.85714289
53,Mayenne,2025/2026,2025-06-30,2025-06-30,2025-08-04,27,0.0,5.0,0.0
54,Meurthe-et-Moselle,2019/2020,2019-12-30,2020-01-06,2020-06-22,2,2348.4848485,25.0,16786.32724387
54,Meurthe-et-Moselle,2020/2021,2020-09-21,2021-06-28,2021-06-28,26,1375.0,40.0,22528.019727094
54,Meurthe-et-Moselle,2021/2022,2021-07-05,2021-12-06,2022-03-21,49,1890.6525573380002,37.0,42072.387068542004
54,Meurthe-et-Moselle,2022/2023,2022-07-04,2022-11-28,2023-04-17,48,3750.0,41.0,53025.688241514006
54,Meurthe-et-Moselle,2023/2024,2023-09-11,2023-11-27,2024-06-24,48,2949.1817399260003,41.0,43215.978774604
54,Meurthe-et-Moselle,2024/2025,2024-07-01,2025-02-10,2025-06-09,7,1780.8219178,49.0,32903.250071696
54,Meurthe-et-Moselle,2025/2026,2025-07-07,2025-07-14,2025-08-04,29,410.341555975,4.0,1066.6849947350001
55,Meuse,2019/2020,2019-12-30,2020-03-23,2020-06-22,13,1428.5714286,25.0,6940.32691448
55,Meuse,2020/2021,2020-06-29,2020-07-27,2021-06-28,31,1304.3478261,52.0,11182.383045640001
55,Meuse,2021/2022,2021-07-05,2021-08-30,2022-06-27,35,3333.3333333,51.0,29804.80162407
55,Meuse,2022/2023,2022-07-04,2022-11-14,2023-06-26,46,2666.6666667,51.0,28972.507287
55,Meuse,2023/2024,2023-07-03,2023-12-11,2024-06-24,50,1944.4444444,51.0,21378.326034539998
55,Meuse,2024/2025,2024-07-01,2024-10-07,2025-06-23,41,2142.8571429,51.0,16908.78851718
55,Meuse,2025/2026,2025-06-30,2025-06-30,2025-08-04,27,0.0,5.0,0.0
56,Morbihan,2019/2020,2019-12-30,2019-12-30,2020-06-22,1,2663.7554585,25.0,10984.902327758999
56,Morbihan,2020/2021,2020-09-14,2021-03-29,2021-06-28,13,2155.6886228,41.0,22386.123228546996
56,Morbihan,2021/2022,2021-07-05,2021-12-06,2022-06-27,49,1079.0061002700002,51.0,28630.857364487998
56,Morbihan,2022/2023,2022-07-04,2022-11-14,2023-04-24,46,2314.0495868,42.0,37005.555396542004
56,Morbihan,2023/2024,2023-09-18,2023-11-27,2024-06-24,48,3702.1276596,40.0,45959.722018074
56,Morbihan,2024/2025,2024-09-16,2024-12-02,2025-06-02,49,2318.8405797,37.0,32950.513545997
56,Morbihan,2025/2026,2025-06-30,2025-07-14,2025-07-28,29,282.43847874999994,4.0,1563.05174833
57,Moselle,2019/2020,2019-12-30,2020-02-03,2020-06-22,6,1521.7391304,25.0,14920.585583418999
57,Moselle,2020/2021,2020-07-20,2020-10-05,2021-06-28,41,742.1875,49.0,16937.081669616
57,Moselle,2021/2022,2021-07-05,2021-11-22,2022-05-02,47,1482.35585086,43.0,31738.6068417
57,Moselle,2022/2023,2022-07-11,2022-11-21,2023-06-05,47,3293.0060429319997,47.0,40037.482592252
57,Moselle,2023/2024,2023-09-25,2023-11-27,2024-06-10,48,2425.082380291,37.0,35587.797098359
57,Moselle,2024/2025,2024-09-09,2024-12-02,2025-06-16,49,1508.223813669,40.0,26358.138574024
57,Moselle,2025/2026,2025-07-07,2025-07-14,2025-08-04,29,176.419796696,4.0,808.721765803
58,Nièvre,2019/2020,2019-12-30,2019-12-30,2020-06-22,1,1428.5714286,25.0,9887.38468839
58,Nièvre,2020/2021,2020-06-29,2021-02-08,2021-06-28,6,847.45762712,52.0,13328.642469739998
58,Nièvre,2021/2022,2021-07-19,2021-11-08,2022-06-13,45,1807.2289157,47.0,23906.63622676
58,Nièvre,2022/2023,2022-09-19,2022-11-28,2023-06-12,48,2741.9354839,38.0,38153.23505405
58,Nièvre,2023/2024,2023-09-18,2023-12-11,2024-06-10,50,2539.6825397,38.0,48465.07494524
58,Nièvre,2024/2025,2024-08-26,2024-12-23,2025-05-26,52,1565.2173913,39.0,27398.94141631
58,Nièvre,2025/2026,2025-06-30,2025-07-14,2025-08-04,29,140.84507042,5.0,140.84507042
59,Nord,2019/2020,2019-12-30,2019-12-30,2020-04-20,1,1584.4423023880001,16.0,11553.958056817999
59,Nord,2020/2021,2020-09-07,2021-04-05,2021-06-28,14,1506.912083875,42.0,27878.768294765
59,Nord,2021/2022,2021-07-05,2021-12-06,2022-06-27,49,1656.30861777,51.0,33442.92529613
59,Nord,2022/2023,2022-07-04,2022-10-24,2023-06-05,43,2597.74590884,48.0,43157.26029190999
59,Nord,2023/2024,2023-09-11,2023-11-27,2024-05-20,48,2331.46219405,36.0,39047.70785415
59,Nord,2024/2025,2024-09-16,2024-11-25,2025-06-16,48,1694.224353286,39.0,30589.557779769002
59,Nord,2025/2026,2025-06-30,2025-07-07,2025-07-28,28,251.22566690399998,4.0,1082.347891896
60,Oise,2019/2020,2019-12-30,2019-12-30,2020-06-22,1,1111.1111111,25.0,1111.1111111
60,Oise,2020/2021,2020-06-29,2021-03-22,2021-06-28,12,1296.2962963,52.0,8415.02552567
60,Oise,2021/2022,2021-07-05,2021-11-08,2022-06-27,45,2093.0232558,51.0,33297.785400160006
60,Oise,2022/2023,2022-07-04,2022-11-21,2023-06-12,47,3691.588785,49.0,48828.46229700599
60,Oise,2023/2024,2023-07-10,2023-11-20,2024-06-10,47,3220.3389831,48.0,44460.93419827
60,Oise,2024/2025,2024-07-01,2024-12-02,2025-05-26,49,2288.1355932,47.0,32865.589702539
60,Oise,2025/2026,2025-06-30,2025-08-04,2025-07-21,32,224.046354414,3.0,1492.5916984259998
61,Orne,2019/2020,2019-12-30,2019-12-30,2020-06-22,1,1851.8518519,25.0,9840.574644190001
61,Orne,2020/2021,2020-08-31,2021-03-29,2021-06-07,13,1186.440678,40.0,23983.28186498
61,Orne,2021/2022,2021-07-05,2021-11-22,2022-06-06,47,1534.8837209,48.0,28757.462402408
61,Orne,2022/2023,2022-09-12,2022-11-21,2023-06-19,47,2285.63411898,40.0,48405.165154149996
61,Orne,2023/2024,2023-09-11,2023-11-27,2024-04-29,48,2107.1428571,33.0,32791.618631800004
61,Orne,2024/2025,2024-07-29,2024-12-23,2025-06-09,52,1566.2650602,45.0,22343.35606555
61,Orne,2025/2026,2025-06-30,2025-06-30,2025-08-04,27,155.03875969,5.0,256.0488607
62,Pas-de-Calais,2019/2020,2019-12-30,2019-12-30,2020-06-22,1,1957.2953737,25.0,11893.422513882
62,Pas-de-Calais,2020/2021,2020-09-14,2021-03-29,2021-06-28,13,1158.5365854,41.0,20908.022355572
62,Pas-de-Calais,2021/2022,2021-07-05,2021-11-22,2022-06-27,47,1814.6718147,51.0,33344.148011316
62,Pas-de-Calais,2022/2023,2022-07-11,2022-10-31,2023-04-24,44,3124.3552712700002,41.0,44188.097438590004
62,Pas-de-Calais,2023/2024,2023-09-04,2023-11-06,2024-05-20,45,2093.955831059,37.0,35394.353785291
62,Pas-de-Calais,2024/2025,2024-09-16,2024-12-02,2025-06-16,49,1775.8985201,39.0,26580.269116337
62,Pas-de-Calais,2025/2026,2025-06-30,2025-06-30,2025-07-28,27,122.44897959600002,4.0,830.235370464
63,Puy-de-Dôme,2019/2020,2019-12-30,2020-01-20,2020-06-22,4,136.98630137,25.0,400.447536495
63,Puy-de-Dôme,2020/2021,2020-06-29,2021-02-15,2021-06-28,7,538.46153846,52.0,5388.285172491
63,Puy-de-Dôme,2021/2022,2021-07-05,2022-01-17,2022-06-27,3,903.22580645,51.0,8061.100346077001
63,Puy-de-Dôme,2022/2023,2022-09-12,2022-11-28,2023-06-05,48,2840.9090909,38.0,34699.26256973399
63,Puy-de-Dôme,2023/2024,2023-10-09,2023-11-27,2024-06-17,48,3358.2089552,36.0,36059.00453712999
63,Puy-de-Dôme,2024/2025,2024-09-02,2024-12-30,2025-06-23,1,1260.8695652,42.0,23377.865242080003
63,Puy-de-Dôme,2025/2026,2025-07-21,2025-08-04,2025-08-04,32,283.20903044100004,2.0,926.8363725209999
64,Pyrénées-Atlantiques,2019/2020,2019-12-30,2019-12-30,2020-06-22,1,1764.7058824,25.0,10529.591694569
64,Pyrénées-Atlantiques,2020/2021,2020-08-24,2021-03-29,2021-06-28,13,1821.8623482,44.0,25960.83469907
64,Pyrénées-Atlantiques,2021/2022,2021-07-05,2021-12-06,2022-06-27,49,1997.4419563000001,51.0,37687.408657969994
64,Pyrénées-Atlantiques,2022/2023,2022-07-04,2022-11-28,2023-05-22,48,3554.9132948,46.0,50868.360758388
64,Pyrénées-Atlantiques,2023/2024,2023-09-04,2023-11-27,2024-06-03,48,2713.8643068,39.0,43578.1103717
64,Pyrénées-Atlantiques,2024/2025,2024-09-16,2024-11-25,2025-06-16,48,1959.1836735,39.0,33398.364997430996
64,Pyrénées-Atlantiques,2025/2026,2025-06-30,2025-07-07,2025-07-14,28,232.251066938,2.0,1297.208919212
65,Hautes-Pyrénées,2019/2020,2019-12-30,2020-01-06,2020-06-22,2,2666.6666667,25.0,20215.10924333
65,Hautes-Pyrénées,2020/2021,2020-06-29,2020-10-05,2021-06-28,41,2857.1428571,52.0,28111.22864108
65,Hautes-Pyrénées,2021/2022,2021-07-05,2021-12-06,2022-06-13,49,1888.8888889,49.0,30410.213172999996
65,Hautes-Pyrénées,2022/2023,2022-07-04,2022-11-21,2023-04-24,47,2839.5061728,42.0,33413.34975454
65,Hautes-Pyrénées,2023/2024,2023-09-18,2023-12-11,2024-04-29,50,3333.3333333,32.0,28268.15092623
65,Hautes-Pyrénées,2024/2025,2024-09-02,2024-12-30,2025-06-23,1,1818.1818182,42.0,26090.402998520003
65,Hautes-Pyrénées,2025/2026,2025-06-30,2025-07-28,2025-07-28,31,317.46031746000006,4.0,2120.12226275
66,Pyrénées-Orientales,2019/2020,2019-12-30,2019-12-30,2020-06-22,1,2415.4589372,25.0,17756.47841099
66,Pyrénées-Orientales,2020/2021,2020-08-17,2021-06-28,2021-06-28,26,1500.0,45.0,25161.071823608
66,Pyrénées-Orientales,2021/2022,2021-07-05,2021-11-29,2022-04-25,48,2430.9392265,42.0,42713.394120288
66,Pyrénées-Orientales,2022/2023,2022-08-29,2022-11-28,2023-04-24,48,3379.6296296,34.0,47357.678791876
66,Pyrénées-Orientales,2023/2024,2023-09-04,2023-12-18,2024-06-03,51,2914.43319437,39.0,49283.73996112
66,Pyrénées-Orientales,2024/2025,2024-08-12,2024-12-16,2025-06-16,51,2024.5398773,44.0,36216.083239673
66,Pyrénées-Orientales,2025/2026,2025-07-21,2025-07-07,2025-08-04,28,533.33333333,2.0,1293.3675144200001
67,Bas-Rhin,2019/2020,2019-12-30,2019-12-30,2020-06-22,1,2380.952381,25.0,18957.28532714
67,Bas-Rhin,2020/2021,2020-08-24,2021-04-05,2021-06-28,14,1273.5849057,44.0,24077.778967043
67,Bas-Rhin,2021/2022,2021-07-05,2021-11-15,2022-01-31,46,2099.7629821140004,30.0,38629.082627346004
67,Bas-Rhin,2022/2023,2022-09-05,2022-11-14,2023-05-29,46,3676.431246676,38.0,48132.020470478004
67,Bas-Rhin,2023/2024,2023-09-04,2023-11-27,2024-05-27,48,2942.209450804,38.0,47879.701182970995
67,Bas-Rhin,2024/2025,2024-09-09,2024-12-23,2025-06-23,52,2257.590247922,41.0,36473.79809669
67,Bas-Rhin,2025/2026,2025-07-21,2025-07-07,2025-08-04,28,444.18739156000004,2.0,1402.5348807000003
68,Haut-Rhin,2019/2020,2019-12-30,2020-01-20,2020-06-22,4,1815.4761905,25.0,13348.344731624
68,Haut-Rhin,2020/2021,2020-09-07,2021-06-14,2021-06-28,24,804.59770115,42.0,14557.690974915
68,Haut-Rhin,2021/2022,2021-07-05,2021-11-29,2022-04-25,48,1494.201605688,42.0,31121.678500351998
68,Haut-Rhin,2022/2023,2022-08-29,2022-11-21,2023-06-19,47,3174.6031746,42.0,35832.720466793005
68,Haut-Rhin,2023/2024,2023-08-28,2023-12-04,2024-05-27,49,2914.3379839480003,39.0,36662.274191929
68,Haut-Rhin,2024/2025,2024-09-23,2024-12-16,2025-06-23,51,1959.6923135250001,39.0,31210.769029148003
68,Haut-Rhin,2025/2026,2025-06-30,2025-06-30,2025-07-21,27,191.58425441999998,3.0,1296.0980991000001
69,Rhône,2019/2020,2019-12-30,2019-12-30,2020-06-22,1,2356.8281938,25.0,14952.855611418
69,Rhône,2020/2021,2020-08-31,2021-03-08,2021-06-14,10,1589.667454592,41.0,27458.350835314
69,Rhône,2021/2022,2021-07-05,2021-11-29,2022-06-13,48,2318.3363189399997,49.0,41307.27361306999
69,Rhône,2022/2023,2022-09-12,2022-11-28,2023-06-12,48,2943.67213198,39.0,46366.947124700004
69,Rhône,2023/2024,2023-09-18,2023-12-04,2024-06-24,49,2759.84372547,40.0,43398.05168846
69,Rhône,2024/2025,2024-09-09,2024-12-02,2025-06-16,49,1837.759996189,40.0,32041.125107421005
69,Rhône,2025/2026,2025-06-30,2025-07-14,2025-07-28,29,234.98903040000002,4.0,1268.4032544299998
70,Haute-Saône,2019/2020,2019-12-30,2020-01-20,2020-06-22,4,2250.0,25.0,13122.307222849999
70,Haute-Saône,2020/2021,2020-06-29,2020-11-09,2021-06-28,46,1250.0,52.0,12220.46762653
70,Haute-Saône,2021/2022,2021-07-05,2021-12-27,2022-06-27,52,2058.8235294,51.0,20671.70904036
70,Haute-Saône,2022/2023,2022-07-04,2022-11-07,2023-06-26,45,2352.9411765,51.0,24902.615471679997
70,Haute-Saône,2023/2024,2023-07-03,2024-01-08,2024-06-24,2,2105.2631579,51.0,26767.91084247
70,Haute-Saône,2024/2025,2024-07-01,2024-12-30,2025-06-23,1,2093.0232558,51.0,27995.60336199
70,Haute-Saône,2025/2026,2025-06-30,2025-08-04,2025-08-04,32,500.0,5.0,500.0
71,Saône-et-Loire,2019/2020,2019-12-30,2020-01-20,2020-06-22,4,2324.3243243,25.0,17922.61713795
71,Saône-et-Loire,2020/2021,2020-08-24,2021-03-29,2021-06-28,13,1059.9078341,44.0,19558.358562643
71,Saône-et-Loire,2021/2022,2021-07-05,2021-12-06,2022-06-06,49,1480.769831564,48.0,31962.373617528003
71,Saône-et-Loire,2022/2023,2022-07-04,2022-11-28,2023-05-22,48,3288.590604,46.0,40844.1913845
71,Saône-et-Loire,2023/2024,2023-10-02,2023-12-25,2024-05-13,52,2616.2790698,32.0,35149.137601263996
71,Saône-et-Loire,2024/2025,2024-09-09,2024-12-30,2025-06-09,1,1549.2957746,39.0,28347.353110555996
71,Saône-et-Loire,2025/2026,2025-06-30,2025-07-14,2025-07-28,29,441.17647059,4.0,1111.961086633
72,Sarthe,2019/2020,2019-12-30,2019-12-30,2020-06-22,1,1818.1818182,25.0,13570.76339782
72,Sarthe,2020/2021,2020-08-31,2021-02-22,2021-06-28,8,1470.5882353,43.0,24802.074175943002
72,Sarthe,2021/2022,2021-07-05,2021-11-01,2022-06-27,44,2690.1275390150004,51.0,36341.87866617499
72,Sarthe,2022/2023,2022-07-04,2022-11-21,2023-06-05,47,3648.6486486,48.0,46905.81764383999
72,Sarthe,2023/2024,2023-09-25,2023-11-27,2024-06-17,48,3828.8288288,38.0,46672.916028869986
72,Sarthe,2024/2025,2024-09-16,2024-12-09,2025-06-16,50,2119.205298,39.0,33101.892988994
72,Sarthe,2025/2026,2025-06-30,2025-07-07,2025-08-04,28,396.03960396,5.0,1172.0468876
73,Savoie,2019/2020,2019-12-30,2020-01-06,2020-06-22,2,1666.6666667,25.0,12639.70468729
73,Savoie,2020/2021,2020-06-29,2020-09-14,2021-06-28,38,2400.0,52.0,19818.723745170002
73,Savoie,2021/2022,2021-07-12,2021-12-06,2022-06-20,49,2459.0163934,49.0,24464.606720706
73,Savoie,2022/2023,2022-07-25,2022-11-14,2023-06-26,46,3433.7349398,48.0,44845.510917098
73,Savoie,2023/2024,2023-09-04,2023-11-27,2024-06-10,48,3163.8176637770002,40.0,42265.166192818
73,Savoie,2024/2025,2024-09-09,2024-12-02,2025-05-19,49,1850.01378553,36.0,36050.835078894
73,Savoie,2025/2026,2025-06-30,2025-06-30,2025-08-04,27,495.8677686,5.0,763.724911456
74,Haute-Savoie,2019/2020,2019-12-30,2019-12-30,2020-06-22,1,2297.8723404,25.0,15999.590055130999
74,Haute-Savoie,2020/2021,2020-08-31,2021-04-12,2021-06-28,15,1372.9912201920001,43.0,26286.016014315996
74,Haute-Savoie,2021/2022,2021-07-05,2021-12-13,2022-05-16,50,2188.428874767,45.0,40151.675504011
74,Haute-Savoie,2022/2023,2022-09-12,2022-11-21,2023-05-29,47,3344.463041423,37.0,46477.104464385004
74,Haute-Savoie,2023/2024,2023-09-04,2023-12-04,2024-05-13,49,3015.296511161,36.0,37614.331151757004
74,Haute-Savoie,2024/2025,2024-07-01,2024-12-16,2025-04-21,51,1822.633116435,42.0,27983.57522929
74,Haute-Savoie,2025/2026,2025-06-30,2025-06-30,2025-07-28,27,250.0,4.0,920.120907428
75,Paris,2019/2020,2019-12-30,2019-12-30,2020-05-04,1,1413.7931034,18.0,11766.107433615
75,Paris,2020/2021,2020-06-29,2021-02-22,2021-05-24,8,1840.308490432,47.0,32403.345898588
75,Paris,2021/2022,2021-09-06,2021-11-22,2022-06-27,47,2473.6981553289997,42.0,39755.687888561006
75,Paris,2022/2023,2022-09-05,2022-11-21,2023-06-12,47,2706.87671215,40.0,45231.864311000005
75,Paris,2023/2024,2023-09-04,2023-11-20,2024-06-17,47,2270.74680003,41.0,39631.440273190005
75,Paris,2024/2025,2024-09-09,2024-11-25,2025-06-02,48,1569.6166805300002,38.0,29430.23229048
75,Paris,2025/2026,2025-06-30,2025-07-14,2025-07-14,29,123.60420008,2.0,1002.29847621
76,Seine-Maritime,2019/2020,2019-12-30,2019-12-30,2020-05-11,1,1987.1794872,19.0,13479.394932811001
76,Seine-Maritime,2020/2021,2020-08-31,2021-04-05,2021-06-28,14,1053.392160619,43.0,23578.009504903002
76,Seine-Maritime,2021/2022,2021-07-05,2021-11-08,2022-06-06,45,1681.550695319,48.0,35586.529022990995
76,Seine-Maritime,2022/2023,2022-09-12,2022-10-31,2023-06-19,44,2453.85311761,40.0,45951.92253308999
76,Seine-Maritime,2023/2024,2023-09-04,2023-11-27,2024-06-24,48,2093.82978723,42.0,38737.923619199995
76,Seine-Maritime,2024/2025,2024-09-09,2024-12-02,2025-05-19,49,1092.43409788,36.0,26145.849034973002
76,Seine-Maritime,2025/2026,2025-06-30,2025-07-21,2025-07-21,30,82.73866923499999,3.0,779.945833565
77,Seine-et-Marne,2019/2020,2019-12-30,2020-01-27,2020-05-25,5,963.17280453,21.0,10109.135125788
77,Seine-et-Marne,2020/2021,2020-08-17,2021-03-22,2021-05-31,12,1294.1176471,41.0,23920.012585386998
77,Seine-et-Marne,2021/2022,2021-07-05,2021-11-01,2022-06-06,44,1904.7619048,48.0,31600.240453520004
77,Seine-et-Marne,2022/2023,2022-09-19,2022-11-21,2023-06-26,47,2761.6191904479997,40.0,43543.963012062006
77,Seine-et-Marne,2023/2024,2023-09-11,2023-11-20,2024-05-13,47,2565.9839956299998,35.0,40749.95184557
77,Seine-et-Marne,2024/2025,2024-09-09,2024-11-18,2025-06-16,47,1923.400673404,40.0,31329.233104713003
77,Seine-et-Marne,2025/2026,2025-06-30,2025-06-30,2025-07-28,27,178.85098914,4.0,1157.2596915299998
78,Yvelines,2019/2020,2019-12-30,2019-12-30,2020-06-22,1,1320.754717,25.0,8687.965213851
78,Yvelines,2020/2021,2020-06-29,2021-03-01,2021-06-07,9,1850.8997429,49.0,27588.140825498
78,Yvelines,2021/2022,2021-07-12,2021-11-22,2022-06-27,47,2175.543768256,50.0,36308.189526154
78,Yvelines,2022/2023,2022-07-04,2022-11-28,2023-05-29,48,2712.477396,47.0,35017.764732648
78,Yvelines,2023/2024,2023-09-11,2023-10-30,2024-06-17,44,1917.593953345,40.0,33366.194325373
78,Yvelines,2024/2025,2024-09-09,2024-11-25,2025-06-16,48,1599.713182196,40.0,25916.312294903997
78,Yvelines,2025/2026,2025-06-30,2025-07-14,2025-07-28,29,187.03118831,4.0,852.9817043400001
79,Deux-Sèvres,2019/2020,2019-12-30,2019-12-30,2020-06-22,1,1949.1525424,25.0,13585.975061950001
79,Deux-Sèvres,2020/2021,2020-06-29,2021-05-31,2021-06-28,22,2000.0,52.0,24297.31568954
79,Deux-Sèvres,2021/2022,2021-07-19,2021-11-29,2022-04-11,48,2547.1698113,38.0,38083.74475697
79,Deux-Sèvres,2022/2023,2022-09-12,2022-11-28,2023-05-29,48,3032.7868852,37.0,41553.08990567
79,Deux-Sèvres,2023/2024,2023-07-03,2023-11-20,2024-06-10,47,3263.1578947,49.0,46162.49334363999
79,Deux-Sèvres,2024/2025,2024-09-09,2024-12-30,2025-06-02,1,1413.0434783,38.0,28538.613939020004
79,Deux-Sèvres,2025/2026,2025-06-30,2025-07-14,2025-08-04,29,344.82758621,5.0,626.51772706
80,Somme,2019/2020,2019-12-30,2019-12-30,2020-06-22,1,1762.1145374,25.0,13895.405783499999
80,Somme,2020/2021,2020-08-31,2021-01-11,2021-06-28,2,1400.0,43.0,26458.924406759
80,Somme,2021/2022,2021-07-05,2021-11-22,2022-06-27,47,2248.0620155,51.0,34575.856930161994
80,Somme,2022/2023,2022-07-25,2022-11-28,2023-05-22,48,3561.175666475,43.0,50276.752024425
80,Somme,2023/2024,2023-09-04,2023-11-27,2024-06-24,48,3682.1705426,42.0,39682.367164143005
80,Somme,2024/2025,2024-09-16,2024-12-09,2025-06-23,50,1875.0,40.0,28368.171440046
80,Somme,2025/2026,2025-06-30,2025-06-30,2025-08-04,27,434.7826087,5.0,995.7617247300001
81,Tarn,2019/2020,2019-12-30,2019-12-30,2020-06-22,1,2105.2631579,25.0,13684.35322381
81,Tarn,2020/2021,2020-06-29,2021-03-22,2021-06-28,12,1733.3333333,52.0,23324.54931984
81,Tarn,2021/2022,2021-07-05,2021-12-27,2022-05-23,52,1653.5433071,46.0,30783.18026246
81,Tarn,2022/2023,2022-09-05,2022-11-21,2023-05-08,47,2434.7826087,35.0,39488.09618287001
81,Tarn,2023/2024,2023-07-17,2023-12-11,2024-06-24,50,2576.6871166,49.0,31854.514685860002
81,Tarn,2024/2025,2024-07-01,2024-12-16,2025-06-02,51,1826.0869565,48.0,26889.914002150002
81,Tarn,2025/2026,2025-06-30,2025-07-07,2025-07-28,28,285.71428571,4.0,989.46535135
82,Tarn-et-Garonne,2019/2020,2019-12-30,2020-02-03,2020-06-22,6,2962.962963,25.0,18619.47738533
82,Tarn-et-Garonne,2020/2021,2020-06-29,2021-04-12,2021-06-28,15,1600.0,52.0,25347.399920129996
82,Tarn-et-Garonne,2021/2022,2021-07-12,2021-11-29,2022-03-14,48,3404.2553191,35.0,36676.120950439996
82,Tarn-et-Garonne,2022/2023,2022-10-10,2022-10-31,2023-06-26,44,3695.6521739,37.0,56547.843192839995
82,Tarn-et-Garonne,2023/2024,2023-07-03,2023-11-27,2024-06-24,48,3606.557377,51.0,47435.84157237
82,Tarn-et-Garonne,2024/2025,2024-07-01,2024-11-25,2025-06-23,48,2368.4210526,51.0,41371.32826557
82,Tarn-et-Garonne,2025/2026,2025-06-30,2025-07-14,2025-08-04,29,740.74074074,5.0,1175.52334944
83,Var,2019/2020,2019-12-30,2019-12-30,2020-06-22,1,2357.1428571,25.0,16051.692986483999
83,Var,2020/2021,2020-09-07,2021-03-29,2021-06-28,13,1820.5804749,42.0,26182.250415853
83,Var,2021/2022,2021-07-05,2021-11-29,2022-04-25,48,2322.9166667,42.0,32711.645928370002
83,Var,2022/2023,2022-09-12,2022-11-21,2023-06-19,47,3474.84119853,40.0,44264.16230866099
83,Var,2023/2024,2023-09-11,2023-12-04,2024-05-06,49,2753.545485944,34.0,33865.440480207
83,Var,2024/2025,2024-09-23,2024-12-09,2025-05-26,50,2519.8938992,35.0,33879.264546096005
83,Var,2025/2026,2025-06-30,2025-06-30,2025-07-14,27,21.419713650000006,2.0,727.43111372
84,Vaucluse,2019/2020,2019-12-30,2019-12-30,2020-06-22,1,2379.6791444,25.0,15937.858762410002
84,Vaucluse,2020/2021,2020-08-31,2021-04-12,2021-06-28,15,1875.0,43.0,26594.601774484
84,Vaucluse,2021/2022,2021-09-20,2021-12-06,2022-05-30,49,2740.19738592,36.0,40922.997818660006
84,Vaucluse,2022/2023,2022-08-29,2022-11-28,2023-05-29,48,3967.8899083,39.0,50599.341526865996
84,Vaucluse,2023/2024,2023-09-11,2023-12-11,2024-06-10,50,3055.271587319,39.0,41839.315638259
84,Vaucluse,2024/2025,2024-09-23,2024-12-02,2025-06-02,49,2404.5801527,36.0,33772.154677608996
84,Vaucluse,2025/2026,2025-06-30,2025-07-07,2025-07-21,28,234.4751786,3.0,925.0417262079999
85,Vendée,2019/2020,2019-12-30,2019-12-30,2020-06-22,1,1917.8082192,25.0,16720.41151515
85,Vendée,2020/2021,2020-08-31,2021-04-05,2021-06-28,14,2869.5652174,43.0,33272.38794264
85,Vendée,2021/2022,2021-07-05,2021-12-06,2022-06-27,49,2460.7329843,51.0,44719.937464380004
85,Vendée,2022/2023,2022-07-04,2022-11-14,2023-05-29,46,3529.4117647,47.0,58254.84858422
85,Vendée,2023/2024,2023-09-25,2023-11-27,2024-06-17,48,4309.3922652,38.0,56556.57182342
85,Vendée,2024/2025,2024-09-30,2024-12-30,2025-06-23,1,2177.9440468479997,38.0,34992.534376159994
85,Vendée,2025/2026,2025-06-30,2025-06-30,2025-07-14,27,705.88235294,2.0,1660.8057405
86,Vienne,2019/2020,2019-12-30,2019-12-30,2020-06-22,1,2328.7671233,25.0,17633.28549496
86,Vienne,2020/2021,2020-07-27,2021-04-12,2021-06-28,15,1714.2857143,48.0,27290.20693424
86,Vienne,2021/2022,2021-07-05,2021-12-13,2022-04-18,50,2721.5189873,41.0,43816.117434745
86,Vienne,2022/2023,2022-07-04,2022-11-21,2023-04-17,47,4242.4242424,41.0,49485.32465190299
86,Vienne,2023/2024,2023-10-09,2023-11-20,2024-06-24,47,3298.9690722,37.0,46004.77197085
86,Vienne,2024/2025,2024-09-09,2024-12-09,2025-06-23,50,2379.0368922790003,41.0,39777.862505790996
86,Vienne,2025/2026,2025-06-30,2025-07-14,2025-08-04,29,588.23529412,5.0,1531.7479892
87,Haute-Vienne,2019/2020,2019-12-30,2019-12-30,2020-06-22,1,1768.707483,25.0,9067.1219619
87,Haute-Vienne,2020/2021,2020-09-07,2021-03-22,2021-06-28,12,1615.3846154,42.0,23781.764268082003
87,Haute-Vienne,2021/2022,2021-08-30,2021-12-13,2022-04-04,50,1972.7891156,31.0,32150.560970100003
87,Haute-Vienne,2022/2023,2022-07-04,2022-11-21,2023-05-08,47,2894.7368421,44.0,42212.94122323999
87,Haute-Vienne,2023/2024,2023-09-04,2023-12-04,2024-06-24,49,2923.9766082,42.0,36096.563285954
87,Haute-Vienne,2024/2025,2024-09-09,2024-12-16,2025-06-02,51,2214.7651007,38.0,25452.878022466004
87,Haute-Vienne,2025/2026,2025-06-30,2025-06-30,2025-08-04,27,390.625,5.0,837.130875079
88,Vosges,2019/2020,2019-12-30,2020-02-03,2020-06-22,6,1949.6855346,25.0,14462.823615820002
88,Vosges,2020/2021,2020-06-29,2021-05-10,2021-06-28,19,919.54022989,52.0,15666.749571199998
88,Vosges,2021/2022,2021-07-05,2021-12-06,2022-05-16,49,2303.030303,45.0,40123.98714989201
88,Vosges,2022/2023,2022-09-19,2022-12-05,2023-05-22,49,4019.138756,35.0,43405.481330299
88,Vosges,2023/2024,2023-10-16,2023-12-11,2024-06-10,50,2781.0650888,34.0,35255.6426518
88,Vosges,2024/2025,2024-09-02,2024-12-16,2025-06-09,51,1838.2352941,40.0,26416.842931351002
88,Vosges,2025/2026,2025-06-30,2025-06-30,2025-08-04,27,275.2293578,5.0,745.97765712
89,Yonne,2019/2020,2019-12-30,2019-12-30,2020-06-22,1,1462.585034,25.0,14289.445525000001
89,Yonne,2020/2021,2020-09-07,2021-03-29,2021-06-07,13,1435.6435644,39.0,21102.642196492998
89,Yonne,2021/2022,2021-07-05,2021-11-15,2022-06-27,46,1673.151751,51.0,28639.043514977
89,Yonne,2022/2023,2022-09-12,2022-12-05,2023-06-05,49,2400.0,38.0,38281.638520853005
89,Yonne,2023/2024,2023-09-18,2023-11-20,2024-04-22,47,1786.96741854,31.0,37582.516539799995
89,Yonne,2024/2025,2024-09-02,2024-12-30,2025-06-16,1,1457.6271186,41.0,26864.673773208
89,Yonne,2025/2026,2025-06-30,2025-07-07,2025-07-21,28,306.4516129,3.0,1372.55106079
90,Territoire de Belfort,2019/2020,2019-12-30,2019-12-30,2020-06-22,1,0.0,25.0,0.0
90,Territoire de Belfort,2020/2021,2020-06-29,2020-06-29,2021-06-28,27,0.0,52.0,0.0
90,Territoire de Belfort,2021/2022,2021-07-05,2022-01-10,2022-06-27,2,937.5,51.0,7677.63094915
90,Territoire de Belfort,2022/2023,2022-07-25,2022-11-28,2023-06-19,48,4351.8518519,47.0,52510.03859006
90,Territoire de Belfort,2023/2024,2023-08-21,2023-12-11,2024-05-06,50,2685.1851852,37.0,36823.504491470005
90,Territoire de Belfort,2024/2025,2024-09-16,2025-01-13,2025-06-23,3,1866.6666667,40.0,31777.609164010002
90,Territoire de Belfort,2025/2026,2025-06-30,2025-07-21,2025-08-04,30,338.98305085,5.0,1056.9317687999999
91,Essonne,2019/2020,2019-12-30,2020-01-20,2020-06-22,4,1549.8154982,25.0,10620.640399991002
91,Essonne,2020/2021,2020-07-06,2021-02-22,2021-05-10,8,1673.4693878,44.0,29633.074087081004
91,Essonne,2021/2022,2021-07-12,2021-10-25,2022-04-11,43,2133.96466328,39.0,35295.6953148
91,Essonne,2022/2023,2022-09-05,2022-10-31,2023-06-19,44,2993.7629938,41.0,42528.75439412
91,Essonne,2023/2024,2023-09-11,2023-12-04,2024-06-03,49,2402.51263625,38.0,39567.85556637001
91,Essonne,2024/2025,2024-09-09,2024-11-18,2025-06-23,47,2147.857830434,41.0,29904.522571743
91,Essonne,2025/2026,2025-06-30,2025-06-30,2025-07-14,27,147.45122659999998,2.0,1179.47445362
92,Hauts-de-Seine,2019/2020,2019-12-30,2019-12-30,2020-05-18,1,1493.1506849,20.0,11287.083629288998
92,Hauts-de-Seine,2020/2021,2020-08-31,2021-02-15,2021-06-07,7,1872.87565497,40.0,31397.783236656996
92,Hauts-de-Seine,2021/2022,2021-09-06,2021-11-29,2022-05-16,48,2377.724282396,36.0,38530.33397740399
92,Hauts-de-Seine,2022/2023,2022-09-12,2022-11-14,2023-06-12,46,2951.588667895,39.0,47684.203639648
92,Hauts-de-Seine,2023/2024,2023-09-11,2023-11-20,2024-06-10,47,2626.96755129,39.0,43250.11621914001
92,Hauts-de-Seine,2024/2025,2024-09-09,2024-11-18,2025-06-16,47,1840.52602193,40.0,33179.56027763
92,Hauts-de-Seine,2025/2026,2025-07-07,2025-07-07,2025-08-04,28,268.97394903,4.0,1308.98494562
93,Seine-Saint-Denis,2019/2020,2019-12-30,2019-12-30,2020-04-13,1,1128.1489595,15.0,10108.988494954
93,Seine-Saint-Denis,2020/2021,2020-08-31,2021-02-22,2021-05-24,8,1544.1014164580001,38.0,33699.418626742
93,Seine-Saint-Denis,2021/2022,2021-08-30,2021-10-18,2022-06-13,42,2023.4331769500002,41.0,39844.18041719001
93,Seine-Saint-Denis,2022/2023,2022-09-05,2022-10-31,2023-05-29,44,3259.574468121,38.0,47511.419875359
93,Seine-Saint-Denis,2023/2024,2023-09-11,2023-10-30,2024-05-06,44,2370.9427773,34.0,43721.78078474999
93,Seine-Saint-Denis,2024/2025,2024-09-09,2024-11-25,2025-06-09,48,2309.483910879,39.0,33415.326098293
93,Seine-Saint-Denis,2025/2026,2025-06-30,2025-07-14,2025-07-28,29,212.54431021100004,4.0,1136.145617569
94,Val-de-Marne,2019/2020,2019-12-30,2019-12-30,2020-05-11,1,1194.5392491,19.0,9344.444473092
94,Val-de-Marne,2020/2021,2020-09-07,2021-02-15,2021-06-28,7,1711.487965,42.0,27885.708461992
94,Val-de-Marne,2021/2022,2021-09-06,2021-11-22,2022-06-06,47,2118.34696859,39.0,36131.1550062
94,Val-de-Marne,2022/2023,2022-09-12,2022-10-31,2023-06-12,44,2589.01788041,39.0,41310.44505277
94,Val-de-Marne,2023/2024,2023-09-04,2023-11-13,2024-06-17,46,2481.33139062,41.0,43245.117683410004
94,Val-de-Marne,2024/2025,2024-09-09,2024-11-18,2025-06-09,47,1886.8287675400002,39.0,31663.25649596
94,Val-de-Marne,2025/2026,2025-06-30,2025-07-07,2025-07-21,28,157.20511856999997,3.0,995.04614448
95,Val-d'Oise,2019/2020,2019-12-30,2019-12-30,2020-05-25,1,1260.141470943,21.0,11494.308907688
95,Val-d'Oise,2020/2021,2020-09-07,2021-02-22,2021-06-14,8,1938.74608604,40.0,34012.75625939
95,Val-d'Oise,2021/2022,2021-07-12,2021-10-25,2022-06-27,43,1862.31137924,50.0,45919.66604378
95,Val-d'Oise,2022/2023,2022-09-12,2022-10-24,2023-06-12,43,3138.17225384,39.0,54270.34855843001
95,Val-d'Oise,2023/2024,2023-09-11,2023-11-20,2024-05-27,47,2668.72320181,37.0,48866.69383738
95,Val-d'Oise,2024/2025,2024-09-09,2024-11-18,2025-06-09,47,2027.0108546099998,39.0,38387.08984272
95,Val-d'Oise,2025/2026,2025-06-30,2025-07-07,2025-07-14,28,393.04868573000005,2.0,1972.3168355999999
971,Guadeloupe,2019/2020,2019-12-30,2020-01-06,2020-06-22,2,1567.1641791,25.0,13037.11383858
971,Guadeloupe,2020/2021,2020-07-06,2021-03-22,2021-06-28,12,1769.2307692,51.0,31910.36117247
971,Guadeloupe,2021/2022,2021-07-05,2022-01-03,2022-06-27,1,1797.2582972710002,51.0,36185.447879769
971,Guadeloupe,2022/2023,2022-07-04,2022-10-31,2023-06-26,44,2838.3097607450004,51.0,50600.785951675
971,Guadeloupe,2023/2024,2023-07-31,2023-10-16,2024-06-24,42,2188.40579707,47.0,43290.59634788
971,Guadeloupe,2024/2025,2024-07-01,2024-11-04,2025-06-02,45,2720.162475154,48.0,40320.034884136
971,Guadeloupe,2025/2026,2025-06-30,2025-07-07,2025-07-14,28,417.52049179999995,2.0,1661.3294274999998
972,Martinique,2019/2020,2019-12-30,2019-12-30,2020-06-22,1,0.0,25.0,0.0
972,Martinique,2020/2021,2020-06-29,2020-06-29,2021-06-28,27,0.0,52.0,0.0
972,Martinique,2021/2022,2021-07-05,2021-07-05,2022-06-27,27,0.0,51.0,0.0
972,Martinique,2022/2023,2022-07-04,2023-06-26,2023-06-26,26,841.12149533,51.0,2048.58059404
972,Martinique,2023/2024,2023-07-03,2023-10-02,2024-06-24,40,2262.562998475,51.0,44070.95570615499
972,Martinique,2024/2025,2024-07-01,2024-12-09,2025-06-02,50,2558.50964237,48.0,52045.19609685
972,Martinique,2025/2026,2025-06-30,2025-06-30,2025-07-28,27,879.6570077299999,4.0,4316.384860019999
973,Guyane,2019/2020,2019-12-30,2020-06-22,2020-05-25,26,779.22077922,21.0,7411.12621486
973,Guyane,2020/2021,2020-09-07,2020-11-30,2021-05-17,49,1461.1872146,36.0,34790.70442902899
973,Guyane,2021/2022,2021-07-26,2021-10-18,2022-04-25,42,1542.4072854600001,39.0,43385.37108246
973,Guyane,2022/2023,2022-09-12,2022-11-21,2023-06-26,47,1938.24923337,41.0,38349.98942167
973,Guyane,2023/2024,2023-07-03,2023-11-20,2024-06-24,47,1304.34782612,51.0,34639.92355676001
973,Guyane,2024/2025,2024-07-29,2024-10-28,2025-06-23,44,1455.026455,47.0,39950.46408869001
973,Guyane,2025/2026,2025-06-30,2025-06-30,2025-07-21,27,473.41437195000003,3.0,4535.657172970001
974,Réunion,2019/2020,2019-12-30,2020-03-09,2020-06-22,11,2572.1153846,25.0,24200.292629249998
974,Réunion,2020/2021,2020-08-17,2021-06-07,2021-06-28,23,2736.4864865,45.0,46701.40801059
974,Réunion,2021/2022,2021-07-05,2022-03-21,2022-06-27,12,2076.0869565,51.0,57399.881271269995
974,Réunion,2022/2023,2022-09-19,2023-02-20,2023-06-26,8,1603.96619401,40.0,64352.80946299
974,Réunion,2023/2024,2023-08-21,2024-01-08,2024-05-06,2,1504.14220527,37.0,57427.598025269996
974,Réunion,2024/2025,2024-07-01,2024-12-16,2025-06-23,51,1601.23211866,51.0,44307.16830715
974,Réunion,2025/2026,2025-07-21,2025-06-30,2025-08-04,27,439.06288611,2.0,4080.9335765100004
975,Miquelon-Langlade et Saint Pierre,2019/2020,2019-12-30,2019-12-30,2020-06-22,1,0.0,25.0,0.0
975,Miquelon-Langlade et Saint Pierre,2020/2021,2020-06-29,2020-06-29,2021-06-28,27,0.0,52.0,0.0
975,Miquelon-Langlade et Saint Pierre,2021/2022,2021-07-05,2021-07-05,2022-06-27,27,0.0,51.0,0.0
975,Miquelon-Langlade et Saint Pierre,2022/2023,2022-07-04,2022-07-04,2023-06-26,27,0.0,51.0,0.0
975,Miquelon-Langlade et Saint Pierre,2023/2024,2023-07-03,2023-07-03,2024-06-24,27,0.0,51.0,0.0
975,Miquelon-Langlade et Saint Pierre,2024/2025,2024-07-01,2024-07-01,2025-06-23,27,0.0,51.0,0.0
975,Miquelon-Langlade et Saint Pierre,2025/2026,2025-06-30,2025-06-30,2025-08-04,27,0.0,5.0,0.0
976,Mayotte,2019/2020,2019-12-30,2020-02-10,2020-06-01,7,2596.28747268,22.0,42116.36965053999
976,Mayotte,2020/2021,2020-09-07,2021-06-14,2021-06-28,24,3259.29060006,42.0,54055.804293420006
976,Mayotte,2021/2022,2021-07-05,2022-02-07,2022-06-13,6,2878.2044786399997,49.0,80209.33603129002
976,Mayotte,2022/2023,2022-08-29,2022-12-26,2023-05-08,52,2737.48964864,36.0,60617.31421188001
976,Mayotte,2023/2024,2023-07-03,2024-01-08,2024-06-24,2,3936.01190473,51.0,68498.62199024
976,Mayotte,2024/2025,2024-07-01,2024-12-16,2025-06-02,51,4000.0,48.0,54814.67566765001
976,Mayotte,2025/2026,2025-06-30,2025-07-14,2025-07-21,29,377.54809072,3.0,1755.5054995
977,Saint-Barthélemy,2019/2020,2019-12-30,2019-12-30,2020-06-22,1,0.0,25.0,0.0
977,Saint-Barthélemy,2020/2021,2020-06-29,2020-06-29,2021-06-28,27,0.0,52.0,0.0
977,Saint-Barthélemy,2021/2022,2021-07-05,2021-07-05,2022-06-27,27,0.0,51.0,0.0
977,Saint-Barthélemy,2022/2023,2022-07-04,2022-07-04,2023-06-26,27,0.0,51.0,0.0
977,Saint-Barthélemy,2023/2024,2023-07-03,2023-07-03,2024-06-24,27,0.0,51.0,0.0
977,Saint-Barthélemy,2024/2025,2024-07-01,2024-07-01,2025-06-23,27,0.0,51.0,0.0
977,Saint-Barthélemy,2025/2026,2025-06-30,2025-06-30,2025-08-04,27,0.0,5.0,0.0
978,Saint-Martin,2019/2020,2019-12-30,2019-12-30,2020-06-22,1,0.0,25.0,0.0
978,Saint-Martin,2020/2021,2020-06-29,2020-06-29,2021-06-28,27,0.0,52.0,0.0
978,Saint-Martin,2021/2022,2021-07-05,2021-07-05,2022-06-27,27,0.0,51.0,0.0
978,Saint-Martin,2022/2023,2022-07-04,2022-07-04,2023-06-26,27,0.0,51.0,0.0
978,Saint-Martin,2023/2024,2023-07-03,2023-07-03,2024-06-24,27,0.0,51.0,0.0
978,Saint-Martin,2024/2025,2024-07-01,2024-07-01,2025-06-23,27,0.0,51.0,0.0
978,Saint-Martin,2025/2026,2025-06-30,2025-06-30,2025-08-04,27,0.0,5.0,0.0
