geo_level,geo_code,geo_name,date_monday,indicator,value,year_iso,week_iso_num
FR,FR,France,2020-02-10,grocery and pharmacy,1.6923076923076923,2020,7
FR,FR,France,2020-02-10,parks,17.5,2020,7
FR,FR,France,2020-02-10,residential,-0.7692307692307693,2020,7
FR,FR,France,2020-02-10,retail and recreation,2.8461538461538463,2020,7
FR,FR,France,2020-02-10,transit stations,17.192307692307693,2020,7
FR,FR,France,2020-02-10,workplaces,-1.1538461538461537,2020,7
FR,FR,France,2020-02-17,grocery and pharmacy,0.7032967032967032,2020,8
FR,FR,France,2020-02-17,parks,25.81318681318681,2020,8
FR,FR,France,2020-02-17,residential,1.8351648351648353,2020,8
FR,FR,France,2020-02-17,retail and recreation,0.6263736263736264,2020,8
FR,FR,France,2020-02-17,transit stations,5.252747252747254,2020,8
FR,FR,France,2020-02-17,workplaces,-11.153846153846153,2020,8
FR,FR,France,2020-02-24,grocery and pharmacy,1.1758241758241756,2020,9
FR,FR,France,2020-02-24,parks,9.010989010989011,2020,9
FR,FR,France,2020-02-24,residential,3.054945054945055,2020,9
FR,FR,France,2020-02-24,retail and recreation,-2.186813186813187,2020,9
FR,FR,France,2020-02-24,transit stations,-2.5604395604395602,2020,9
FR,FR,France,2020-02-24,workplaces,-13.285714285714286,2020,9
FR,FR,France,2020-03-02,grocery and pharmacy,2.3626373626373627,2020,10
FR,FR,France,2020-03-02,parks,0.2527472527472528,2020,10
FR,FR,France,2020-03-02,residential,1.8901098901098903,2020,10
FR,FR,France,2020-03-02,retail and recreation,-2.945054945054945,2020,10
FR,FR,France,2020-03-02,transit stations,-2.241758241758242,2020,10
FR,FR,France,2020-03-02,workplaces,-2.901098901098901,2020,10
FR,FR,France,2020-03-09,grocery and pharmacy,6.934065934065933,2020,11
FR,FR,France,2020-03-09,parks,7.978021978021977,2020,11
FR,FR,France,2020-03-09,residential,2.582417582417582,2020,11
FR,FR,France,2020-03-09,retail and recreation,-11.79120879120879,2020,11
FR,FR,France,2020-03-09,transit stations,-8.307692307692308,2020,11
FR,FR,France,2020-03-09,workplaces,-2.703296703296703,2020,11
FR,FR,France,2020-03-16,grocery and pharmacy,-31.857142857142858,2020,12
FR,FR,France,2020-03-16,parks,-51.46153846153846,2020,12
FR,FR,France,2020-03-16,residential,24.315018315018314,2020,12
FR,FR,France,2020-03-16,retail and recreation,-75.51648351648352,2020,12
FR,FR,France,2020-03-16,transit stations,-69.38461538461539,2020,12
FR,FR,France,2020-03-16,workplaces,-57.043956043956044,2020,12
FR,FR,France,2020-03-23,grocery and pharmacy,-51.35164835164835,2020,13
FR,FR,France,2020-03-23,parks,-66.85714285714286,2020,13
FR,FR,France,2020-03-23,residential,29.34981684981685,2020,13
FR,FR,France,2020-03-23,retail and recreation,-84.01098901098901,2020,13
FR,FR,France,2020-03-23,transit stations,-82.93406593406593,2020,13
FR,FR,France,2020-03-23,workplaces,-67.09890109890111,2020,13
FR,FR,France,2020-03-30,grocery and pharmacy,-44.417582417582416,2020,14
FR,FR,France,2020-03-30,parks,-62.46153846153846,2020,14
FR,FR,France,2020-03-30,residential,28.800366300366303,2020,14
FR,FR,France,2020-03-30,retail and recreation,-87.05494505494507,2020,14
FR,FR,France,2020-03-30,transit stations,-81.1868131868132,2020,14
FR,FR,France,2020-03-30,workplaces,-65.57142857142857,2020,14
FR,FR,France,2020-04-06,grocery and pharmacy,-39.56043956043956,2020,15
FR,FR,France,2020-04-06,parks,-61.28571428571429,2020,15
FR,FR,France,2020-04-06,residential,27.5970695970696,2020,15
FR,FR,France,2020-04-06,retail and recreation,-82.68131868131869,2020,15
FR,FR,France,2020-04-06,transit stations,-79.8131868131868,2020,15
FR,FR,France,2020-04-06,workplaces,-63.72527472527473,2020,15
FR,FR,France,2020-04-13,grocery and pharmacy,-45.0989010989011,2020,16
FR,FR,France,2020-04-13,parks,-61.27472527472527,2020,16
FR,FR,France,2020-04-13,residential,28.04029304029304,2020,16
FR,FR,France,2020-04-13,retail and recreation,-82.8021978021978,2020,16
FR,FR,France,2020-04-13,transit stations,-79.6043956043956,2020,16
FR,FR,France,2020-04-13,workplaces,-64.67032967032968,2020,16
FR,FR,France,2020-04-20,grocery and pharmacy,-41.582417582417584,2020,17
FR,FR,France,2020-04-20,parks,-56.63736263736264,2020,17
FR,FR,France,2020-04-20,residential,25.968864468864467,2020,17
FR,FR,France,2020-04-20,retail and recreation,-79.84615384615384,2020,17
FR,FR,France,2020-04-20,transit stations,-76.35164835164835,2020,17
FR,FR,France,2020-04-20,workplaces,-58.681318681318686,2020,17
FR,FR,France,2020-04-27,grocery and pharmacy,-41.82417582417582,2020,18
FR,FR,France,2020-04-27,parks,-59.64835164835165,2020,18
FR,FR,France,2020-04-27,residential,25.87912087912088,2020,18
FR,FR,France,2020-04-27,retail and recreation,-78.15384615384616,2020,18
FR,FR,France,2020-04-27,transit stations,-76.45054945054946,2020,18
FR,FR,France,2020-04-27,workplaces,-58.934065934065934,2020,18
FR,FR,France,2020-05-04,grocery and pharmacy,-31.87912087912088,2020,19
FR,FR,France,2020-05-04,parks,-51.02197802197803,2020,19
FR,FR,France,2020-05-04,residential,23.604395604395602,2020,19
FR,FR,France,2020-05-04,retail and recreation,-73.04395604395604,2020,19
FR,FR,France,2020-05-04,transit stations,-71.54945054945054,2020,19
FR,FR,France,2020-05-04,workplaces,-53.16483516483516,2020,19
FR,FR,France,2020-05-11,grocery and pharmacy,-9.637362637362637,2020,20
FR,FR,France,2020-05-11,parks,-9.032967032967033,2020,20
FR,FR,France,2020-05-11,residential,13.78021978021978,2020,20
FR,FR,France,2020-05-11,retail and recreation,-46.670329670329664,2020,20
FR,FR,France,2020-05-11,transit stations,-49.505494505494504,2020,20
FR,FR,France,2020-05-11,workplaces,-34.043956043956044,2020,20
FR,FR,France,2020-05-18,grocery and pharmacy,-9.10989010989011,2020,21
FR,FR,France,2020-05-18,parks,27.24175824175824,2020,21
FR,FR,France,2020-05-18,residential,13.263736263736263,2020,21
FR,FR,France,2020-05-18,retail and recreation,-41.38461538461539,2020,21
FR,FR,France,2020-05-18,transit stations,-48.12087912087912,2020,21
FR,FR,France,2020-05-18,workplaces,-37.967032967032964,2020,21
FR,FR,France,2020-05-25,grocery and pharmacy,-1.263736263736264,2020,22
FR,FR,France,2020-05-25,parks,34.1978021978022,2020,22
FR,FR,France,2020-05-25,residential,10.263736263736263,2020,22
FR,FR,France,2020-05-25,retail and recreation,-34.68131868131868,2020,22
FR,FR,France,2020-05-25,transit stations,-40.46153846153846,2020,22
FR,FR,France,2020-05-25,workplaces,-24.81318681318681,2020,22
FR,FR,France,2020-06-01,grocery and pharmacy,-3.208791208791209,2020,23
FR,FR,France,2020-06-01,parks,26.835164835164832,2020,23
FR,FR,France,2020-06-01,residential,9.274725274725274,2020,23
FR,FR,France,2020-06-01,retail and recreation,-24.406593406593405,2020,23
FR,FR,France,2020-06-01,transit stations,-33.8021978021978,2020,23
FR,FR,France,2020-06-01,workplaces,-24.12087912087912,2020,23
FR,FR,France,2020-06-08,grocery and pharmacy,-4.010989010989011,2020,24
FR,FR,France,2020-06-08,parks,26.208791208791208,2020,24
FR,FR,France,2020-06-08,residential,7.6923076923076925,2020,24
FR,FR,France,2020-06-08,retail and recreation,-20.24175824175824,2020,24
FR,FR,France,2020-06-08,transit stations,-27.54945054945055,2020,24
FR,FR,France,2020-06-08,workplaces,-18.32967032967033,2020,24
FR,FR,France,2020-06-15,grocery and pharmacy,-1.065934065934066,2020,25
FR,FR,France,2020-06-15,parks,53.34065934065934,2020,25
FR,FR,France,2020-06-15,residential,5.648351648351649,2020,25
FR,FR,France,2020-06-15,retail and recreation,-12.945054945054945,2020,25
FR,FR,France,2020-06-15,transit stations,-19.12087912087912,2020,25
FR,FR,France,2020-06-15,workplaces,-15.58241758241758,2020,25
FR,FR,France,2020-06-22,grocery and pharmacy,1.1538461538461537,2020,26
FR,FR,France,2020-06-22,parks,87.0989010989011,2020,26
FR,FR,France,2020-06-22,residential,4.054945054945055,2020,26
FR,FR,France,2020-06-22,retail and recreation,-10.362637362637363,2020,26
FR,FR,France,2020-06-22,transit stations,-12.857142857142858,2020,26
FR,FR,France,2020-06-22,workplaces,-16.197802197802197,2020,26
FR,FR,France,2020-06-29,grocery and pharmacy,5.087912087912088,2020,27
FR,FR,France,2020-06-29,parks,87.12087912087912,2020,27
FR,FR,France,2020-06-29,residential,3.3076923076923075,2020,27
FR,FR,France,2020-06-29,retail and recreation,-3.89010989010989,2020,27
FR,FR,France,2020-06-29,transit stations,-5.549450549450549,2020,27
FR,FR,France,2020-06-29,workplaces,-15.395604395604396,2020,27
FR,FR,France,2020-07-06,grocery and pharmacy,11.351648351648352,2020,28
FR,FR,France,2020-07-06,parks,156.2875457875458,2020,28
FR,FR,France,2020-07-06,residential,2.21978021978022,2020,28
FR,FR,France,2020-07-06,retail and recreation,2.7362637362637368,2020,28
FR,FR,France,2020-07-06,transit stations,5.824175824175825,2020,28
FR,FR,France,2020-07-06,workplaces,-18.9010989010989,2020,28
FR,FR,France,2020-07-13,grocery and pharmacy,9.175824175824175,2020,29
FR,FR,France,2020-07-13,parks,198.92490842490844,2020,29
FR,FR,France,2020-07-13,residential,4.329670329670329,2020,29
FR,FR,France,2020-07-13,retail and recreation,2.8901098901098905,2020,29
FR,FR,France,2020-07-13,transit stations,5.274725274725275,2020,29
FR,FR,France,2020-07-13,workplaces,-28.615384615384617,2020,29
FR,FR,France,2020-07-20,grocery and pharmacy,11.384615384615385,2020,30
FR,FR,France,2020-07-20,parks,196.55604395604394,2020,30
FR,FR,France,2020-07-20,residential,3.131868131868132,2020,30
FR,FR,France,2020-07-20,retail and recreation,3.7142857142857144,2020,30
FR,FR,France,2020-07-20,transit stations,8.175824175824175,2020,30
FR,FR,France,2020-07-20,workplaces,-21.13186813186813,2020,30
FR,FR,France,2020-07-27,grocery and pharmacy,13.747252747252748,2020,31
FR,FR,France,2020-07-27,parks,209.16483516483515,2020,31
FR,FR,France,2020-07-27,residential,3.340659340659341,2020,31
FR,FR,France,2020-07-27,retail and recreation,4.571428571428571,2020,31
FR,FR,France,2020-07-27,transit stations,13.846153846153847,2020,31
FR,FR,France,2020-07-27,workplaces,-24.956043956043956,2020,31
FR,FR,France,2020-08-03,grocery and pharmacy,18.978021978021978,2020,32
FR,FR,France,2020-08-03,parks,220.85714285714286,2020,32
FR,FR,France,2020-08-03,residential,3.7472527472527473,2020,32
FR,FR,France,2020-08-03,retail and recreation,10.637362637362637,2020,32
FR,FR,France,2020-08-03,transit stations,17.318681318681318,2020,32
FR,FR,France,2020-08-03,workplaces,-31.76923076923077,2020,32
FR,FR,France,2020-08-10,grocery and pharmacy,15.078754578754578,2020,33
FR,FR,France,2020-08-10,parks,215.77380952380952,2020,33
FR,FR,France,2020-08-10,residential,4.978021978021977,2020,33
FR,FR,France,2020-08-10,retail and recreation,8.604395604395604,2020,33
FR,FR,France,2020-08-10,transit stations,16.307692307692307,2020,33
FR,FR,France,2020-08-10,workplaces,-37.362637362637365,2020,33
FR,FR,France,2020-08-17,grocery and pharmacy,12.23076923076923,2020,34
FR,FR,France,2020-08-17,parks,180.40119047619046,2020,34
FR,FR,France,2020-08-17,residential,4.472527472527473,2020,34
FR,FR,France,2020-08-17,retail and recreation,-1.2857142857142856,2020,34
FR,FR,France,2020-08-17,transit stations,3.642857142857143,2020,34
FR,FR,France,2020-08-17,workplaces,-33.239560439560435,2020,34
FR,FR,France,2020-08-24,grocery and pharmacy,5.917582417582418,2020,35
FR,FR,France,2020-08-24,parks,116.66190476190475,2020,35
FR,FR,France,2020-08-24,residential,4.241758241758242,2020,35
FR,FR,France,2020-08-24,retail and recreation,-4.440476190476191,2020,35
FR,FR,France,2020-08-24,transit stations,-1.511904761904762,2020,35
FR,FR,France,2020-08-24,workplaces,-26.501098901098903,2020,35
FR,FR,France,2020-08-31,grocery and pharmacy,7.802197802197802,2020,36
FR,FR,France,2020-08-31,parks,88.89285714285715,2020,36
FR,FR,France,2020-08-31,residential,2.2857142857142856,2020,36
FR,FR,France,2020-08-31,retail and recreation,-4.154761904761905,2020,36
FR,FR,France,2020-08-31,transit stations,-1.4642857142857142,2020,36
FR,FR,France,2020-08-31,workplaces,-20.824175824175825,2020,36
FR,FR,France,2020-09-07,grocery and pharmacy,5.912087912087912,2020,37
FR,FR,France,2020-09-07,parks,122.4139194139194,2020,37
FR,FR,France,2020-09-07,residential,-0.06593406593406592,2020,37
FR,FR,France,2020-09-07,retail and recreation,-0.22710622710622794,2020,37
FR,FR,France,2020-09-07,transit stations,13.97069597069597,2020,37
FR,FR,France,2020-09-07,workplaces,-18.21978021978022,2020,37
FR,FR,France,2020-09-14,grocery and pharmacy,1.5604395604395604,2020,38
FR,FR,France,2020-09-14,parks,109.0989010989011,2020,38
FR,FR,France,2020-09-14,residential,0.6043956043956044,2020,38
FR,FR,France,2020-09-14,retail and recreation,-5.318681318681318,2020,38
FR,FR,France,2020-09-14,transit stations,6.131868131868131,2020,38
FR,FR,France,2020-09-14,workplaces,-14.263736263736263,2020,38
FR,FR,France,2020-09-21,grocery and pharmacy,-1.4395604395604396,2020,39
FR,FR,France,2020-09-21,parks,54.4065934065934,2020,39
FR,FR,France,2020-09-21,residential,2.7362637362637363,2020,39
FR,FR,France,2020-09-21,retail and recreation,-11.736263736263735,2020,39
FR,FR,France,2020-09-21,transit stations,-1.0659340659340661,2020,39
FR,FR,France,2020-09-21,workplaces,-13.274725274725276,2020,39
FR,FR,France,2020-09-28,grocery and pharmacy,-0.1428571428571429,2020,40
FR,FR,France,2020-09-28,parks,27.307692307692307,2020,40
FR,FR,France,2020-09-28,residential,2.813186813186813,2020,40
FR,FR,France,2020-09-28,retail and recreation,-12.681318681318682,2020,40
FR,FR,France,2020-09-28,transit stations,-4.593406593406593,2020,40
FR,FR,France,2020-09-28,workplaces,-11.505494505494504,2020,40
FR,FR,France,2020-10-05,grocery and pharmacy,-0.5384615384615384,2020,41
FR,FR,France,2020-10-05,parks,27.175824175824175,2020,41
FR,FR,France,2020-10-05,residential,2.4065934065934065,2020,41
FR,FR,France,2020-10-05,retail and recreation,-12.34065934065934,2020,41
FR,FR,France,2020-10-05,transit stations,-4.956043956043956,2020,41
FR,FR,France,2020-10-05,workplaces,-10.76923076923077,2020,41
FR,FR,France,2020-10-12,grocery and pharmacy,0.3296703296703296,2020,42
FR,FR,France,2020-10-12,parks,29.13186813186813,2020,42
FR,FR,France,2020-10-12,residential,3.142857142857143,2020,42
FR,FR,France,2020-10-12,retail and recreation,-13.923076923076923,2020,42
FR,FR,France,2020-10-12,transit stations,-3.2967032967032965,2020,42
FR,FR,France,2020-10-12,workplaces,-11.186813186813186,2020,42
FR,FR,France,2020-10-19,grocery and pharmacy,0.5384615384615384,2020,43
FR,FR,France,2020-10-19,parks,43.35164835164835,2020,43
FR,FR,France,2020-10-19,residential,5.923076923076923,2020,43
FR,FR,France,2020-10-19,retail and recreation,-13.923076923076923,2020,43
FR,FR,France,2020-10-19,transit stations,-9.263736263736263,2020,43
FR,FR,France,2020-10-19,workplaces,-23.747252747252748,2020,43
FR,FR,France,2020-10-26,grocery and pharmacy,-3.4285714285714284,2020,44
FR,FR,France,2020-10-26,parks,9.79120879120879,2020,44
FR,FR,France,2020-10-26,residential,10.296703296703297,2020,44
FR,FR,France,2020-10-26,retail and recreation,-29.12087912087912,2020,44
FR,FR,France,2020-10-26,transit stations,-25.0,2020,44
FR,FR,France,2020-10-26,workplaces,-33.362637362637365,2020,44
FR,FR,France,2020-11-02,grocery and pharmacy,-16.032967032967033,2020,45
FR,FR,France,2020-11-02,parks,-23.340659340659343,2020,45
FR,FR,France,2020-11-02,residential,13.681318681318682,2020,45
FR,FR,France,2020-11-02,retail and recreation,-55.26373626373626,2020,45
FR,FR,France,2020-11-02,transit stations,-44.98901098901099,2020,45
FR,FR,France,2020-11-02,workplaces,-28.527472527472526,2020,45
FR,FR,France,2020-11-09,grocery and pharmacy,-17.626373626373628,2020,46
FR,FR,France,2020-11-09,parks,-22.725274725274726,2020,46
FR,FR,France,2020-11-09,residential,15.824175824175825,2020,46
FR,FR,France,2020-11-09,retail and recreation,-57.01098901098901,2020,46
FR,FR,France,2020-11-09,transit stations,-49.17582417582418,2020,46
FR,FR,France,2020-11-09,workplaces,-37.13186813186813,2020,46
FR,FR,France,2020-11-16,grocery and pharmacy,-13.703296703296703,2020,47
FR,FR,France,2020-11-16,parks,-21.10989010989011,2020,47
FR,FR,France,2020-11-16,residential,13.043956043956046,2020,47
FR,FR,France,2020-11-16,retail and recreation,-52.72527472527473,2020,47
FR,FR,France,2020-11-16,transit stations,-43.87912087912088,2020,47
FR,FR,France,2020-11-16,workplaces,-27.384615384615383,2020,47
FR,FR,France,2020-11-23,grocery and pharmacy,-8.395604395604396,2020,48
FR,FR,France,2020-11-23,parks,-15.10989010989011,2020,48
FR,FR,France,2020-11-23,residential,11.571428571428571,2020,48
FR,FR,France,2020-11-23,retail and recreation,-43.12087912087912,2020,48
FR,FR,France,2020-11-23,transit stations,-40.032967032967036,2020,48
FR,FR,France,2020-11-23,workplaces,-23.494505494505496,2020,48
FR,FR,France,2020-11-30,grocery and pharmacy,3.2527472527472527,2020,49
FR,FR,France,2020-11-30,parks,-20.593406593406595,2020,49
FR,FR,France,2020-11-30,residential,9.703296703296703,2020,49
FR,FR,France,2020-11-30,retail and recreation,-25.362637362637365,2020,49
FR,FR,France,2020-11-30,transit stations,-35.362637362637365,2020,49
FR,FR,France,2020-11-30,workplaces,-20.791208791208792,2020,49
FR,FR,France,2020-12-07,grocery and pharmacy,2.3296703296703294,2020,50
FR,FR,France,2020-12-07,parks,-18.86813186813187,2020,50
FR,FR,France,2020-12-07,residential,9.340659340659341,2020,50
FR,FR,France,2020-12-07,retail and recreation,-26.692307692307693,2020,50
FR,FR,France,2020-12-07,transit stations,-33.86813186813187,2020,50
FR,FR,France,2020-12-07,workplaces,-20.24175824175824,2020,50
FR,FR,France,2020-12-14,grocery and pharmacy,10.175824175824175,2020,51
FR,FR,France,2020-12-14,parks,-5.384615384615385,2020,51
FR,FR,France,2020-12-14,residential,7.549450549450549,2020,51
FR,FR,France,2020-12-14,retail and recreation,-22.91208791208791,2020,51
FR,FR,France,2020-12-14,transit stations,-19.076923076923077,2020,51
FR,FR,France,2020-12-14,workplaces,-19.362637362637365,2020,51
FR,FR,France,2020-12-21,grocery and pharmacy,1.3956043956043955,2020,52
FR,FR,France,2020-12-21,parks,-2.274725274725274,2020,52
FR,FR,France,2020-12-21,residential,10.956043956043954,2020,52
FR,FR,France,2020-12-21,retail and recreation,-32.68131868131868,2020,52
FR,FR,France,2020-12-21,transit stations,-28.516483516483518,2020,52
FR,FR,France,2020-12-21,workplaces,-47.42857142857143,2020,52
FR,FR,France,2020-12-28,grocery and pharmacy,-2.5054945054945055,2020,53
FR,FR,France,2020-12-28,parks,4.538461538461539,2020,53
FR,FR,France,2020-12-28,residential,14.175824175824175,2020,53
FR,FR,France,2020-12-28,retail and recreation,-38.57142857142857,2020,53
FR,FR,France,2020-12-28,transit stations,-31.802197802197803,2020,53
FR,FR,France,2020-12-28,workplaces,-53.1978021978022,2020,53
FR,FR,France,2021-01-04,grocery and pharmacy,-2.868131868131868,2021,1
FR,FR,France,2021-01-04,parks,-15.725274725274724,2021,1
FR,FR,France,2021-01-04,residential,9.285714285714285,2021,1
FR,FR,France,2021-01-04,retail and recreation,-36.73626373626374,2021,1
FR,FR,France,2021-01-04,transit stations,-30.362637362637365,2021,1
FR,FR,France,2021-01-04,workplaces,-20.989010989010985,2021,1
FR,FR,France,2021-01-11,grocery and pharmacy,-10.318681318681318,2021,2
FR,FR,France,2021-01-11,parks,-17.9010989010989,2021,2
FR,FR,France,2021-01-11,residential,8.395604395604396,2021,2
FR,FR,France,2021-01-11,retail and recreation,-41.13186813186813,2021,2
FR,FR,France,2021-01-11,transit stations,-32.20879120879121,2021,2
FR,FR,France,2021-01-11,workplaces,-22.472527472527474,2021,2
FR,FR,France,2021-01-18,grocery and pharmacy,-11.417582417582416,2021,3
FR,FR,France,2021-01-18,parks,-19.23076923076923,2021,3
FR,FR,France,2021-01-18,residential,8.472527472527473,2021,3
FR,FR,France,2021-01-18,retail and recreation,-40.27472527472527,2021,3
FR,FR,France,2021-01-18,transit stations,-31.923076923076923,2021,3
FR,FR,France,2021-01-18,workplaces,-22.494505494505496,2021,3
FR,FR,France,2021-01-25,grocery and pharmacy,-8.901098901098901,2021,4
FR,FR,France,2021-01-25,parks,-15.065934065934066,2021,4
FR,FR,France,2021-01-25,residential,8.098901098901099,2021,4
FR,FR,France,2021-01-25,retail and recreation,-38.37362637362638,2021,4
FR,FR,France,2021-01-25,transit stations,-29.780219780219777,2021,4
FR,FR,France,2021-01-25,workplaces,-21.934065934065934,2021,4
FR,FR,France,2021-02-01,grocery and pharmacy,-8.67032967032967,2021,5
FR,FR,France,2021-02-01,parks,-10.615384615384615,2021,5
FR,FR,France,2021-02-01,residential,8.175824175824177,2021,5
FR,FR,France,2021-02-01,retail and recreation,-40.978021978021985,2021,5
FR,FR,France,2021-02-01,transit stations,-30.18681318681319,2021,5
FR,FR,France,2021-02-01,workplaces,-21.747252747252748,2021,5
FR,FR,France,2021-02-08,grocery and pharmacy,-5.56043956043956,2021,6
FR,FR,France,2021-02-08,parks,-13.021978021978022,2021,6
FR,FR,France,2021-02-08,residential,9.472527472527473,2021,6
FR,FR,France,2021-02-08,retail and recreation,-39.604395604395606,2021,6
FR,FR,France,2021-02-08,transit stations,-29.68131868131868,2021,6
FR,FR,France,2021-02-08,workplaces,-25.065934065934066,2021,6
FR,FR,France,2021-02-15,grocery and pharmacy,-1.956043956043956,2021,7
FR,FR,France,2021-02-15,parks,17.725274725274723,2021,7
FR,FR,France,2021-02-15,residential,7.835164835164836,2021,7
FR,FR,France,2021-02-15,retail and recreation,-37.75824175824176,2021,7
FR,FR,France,2021-02-15,transit stations,-20.604395604395602,2021,7
FR,FR,France,2021-02-15,workplaces,-25.615384615384617,2021,7
FR,FR,France,2021-02-22,grocery and pharmacy,1.4505494505494505,2021,8
FR,FR,France,2021-02-22,parks,37.84615384615385,2021,8
FR,FR,France,2021-02-22,residential,7.835164835164836,2021,8
FR,FR,France,2021-02-22,retail and recreation,-35.450549450549445,2021,8
FR,FR,France,2021-02-22,transit stations,-19.626373626373628,2021,8
FR,FR,France,2021-02-22,workplaces,-28.659340659340657,2021,8
FR,FR,France,2021-03-01,grocery and pharmacy,3.3516483516483513,2021,9
FR,FR,France,2021-03-01,parks,24.076923076923077,2021,9
FR,FR,France,2021-03-01,residential,7.747252747252746,2021,9
FR,FR,France,2021-03-01,retail and recreation,-34.494505494505496,2021,9
FR,FR,France,2021-03-01,transit stations,-22.142857142857142,2021,9
FR,FR,France,2021-03-01,workplaces,-25.956043956043956,2021,9
FR,FR,France,2021-03-08,grocery and pharmacy,-0.16483516483516483,2021,10
FR,FR,France,2021-03-08,parks,-0.2967032967032965,2021,10
FR,FR,France,2021-03-08,residential,7.340659340659341,2021,10
FR,FR,France,2021-03-08,retail and recreation,-37.69230769230769,2021,10
FR,FR,France,2021-03-08,transit stations,-22.428571428571427,2021,10
FR,FR,France,2021-03-08,workplaces,-19.23076923076923,2021,10
FR,FR,France,2021-03-15,grocery and pharmacy,-0.4175824175824175,2021,11
FR,FR,France,2021-03-15,parks,3.1648351648351647,2021,11
FR,FR,France,2021-03-15,residential,7.549450549450549,2021,11
FR,FR,France,2021-03-15,retail and recreation,-37.92307692307692,2021,11
FR,FR,France,2021-03-15,transit stations,-23.142857142857142,2021,11
FR,FR,France,2021-03-15,workplaces,-18.406593406593405,2021,11
FR,FR,France,2021-03-22,grocery and pharmacy,2.010989010989011,2021,12
FR,FR,France,2021-03-22,parks,23.252747252747252,2021,12
FR,FR,France,2021-03-22,residential,6.989010989010989,2021,12
FR,FR,France,2021-03-22,retail and recreation,-37.318681318681314,2021,12
FR,FR,France,2021-03-22,transit stations,-22.54945054945055,2021,12
FR,FR,France,2021-03-22,workplaces,-18.153846153846153,2021,12
FR,FR,France,2021-03-29,grocery and pharmacy,11.846153846153847,2021,13
FR,FR,France,2021-03-29,parks,37.43956043956044,2021,13
FR,FR,France,2021-03-29,residential,5.978021978021977,2021,13
FR,FR,France,2021-03-29,retail and recreation,-32.26373626373626,2021,13
FR,FR,France,2021-03-29,transit stations,-21.46153846153846,2021,13
FR,FR,France,2021-03-29,workplaces,-18.47252747252747,2021,13
FR,FR,France,2021-04-05,grocery and pharmacy,-5.164835164835164,2021,14
FR,FR,France,2021-04-05,parks,0.17582417582417548,2021,14
FR,FR,France,2021-04-05,residential,13.703296703296703,2021,14
FR,FR,France,2021-04-05,retail and recreation,-48.78021978021978,2021,14
FR,FR,France,2021-04-05,transit stations,-38.604395604395606,2021,14
FR,FR,France,2021-04-05,workplaces,-37.285714285714285,2021,14
FR,FR,France,2021-04-12,grocery and pharmacy,3.1098901098901095,2021,15
FR,FR,France,2021-04-12,parks,16.912087912087912,2021,15
FR,FR,France,2021-04-12,residential,11.516483516483516,2021,15
FR,FR,France,2021-04-12,retail and recreation,-42.582417582417584,2021,15
FR,FR,France,2021-04-12,transit stations,-34.2967032967033,2021,15
FR,FR,France,2021-04-12,workplaces,-30.692307692307693,2021,15
FR,FR,France,2021-04-19,grocery and pharmacy,4.241758241758242,2021,16
FR,FR,France,2021-04-19,parks,37.0,2021,16
FR,FR,France,2021-04-19,residential,10.956043956043954,2021,16
FR,FR,France,2021-04-19,retail and recreation,-41.285714285714285,2021,16
FR,FR,France,2021-04-19,transit stations,-30.802197802197803,2021,16
FR,FR,France,2021-04-19,workplaces,-31.043956043956044,2021,16
FR,FR,France,2021-04-26,grocery and pharmacy,4.241758241758242,2021,17
FR,FR,France,2021-04-26,parks,8.901098901098901,2021,17
FR,FR,France,2021-04-26,residential,11.098901098901099,2021,17
FR,FR,France,2021-04-26,retail and recreation,-42.81318681318681,2021,17
FR,FR,France,2021-04-26,transit stations,-32.98901098901099,2021,17
FR,FR,France,2021-04-26,workplaces,-29.516483516483518,2021,17
FR,FR,France,2021-05-03,grocery and pharmacy,13.186813186813186,2021,18
FR,FR,France,2021-05-03,parks,34.362637362637365,2021,18
FR,FR,France,2021-05-03,residential,6.329670329670329,2021,18
FR,FR,France,2021-05-03,retail and recreation,-35.16483516483517,2021,18
FR,FR,France,2021-05-03,transit stations,-13.87912087912088,2021,18
FR,FR,France,2021-05-03,workplaces,-20.78021978021978,2021,18
FR,FR,France,2021-05-10,grocery and pharmacy,11.857142857142858,2021,19
FR,FR,France,2021-05-10,parks,64.7032967032967,2021,19
FR,FR,France,2021-05-10,residential,8.395604395604396,2021,19
FR,FR,France,2021-05-10,retail and recreation,-34.51648351648352,2021,19
FR,FR,France,2021-05-10,transit stations,-4.087912087912088,2021,19
FR,FR,France,2021-05-10,workplaces,-32.72527472527473,2021,19
FR,FR,France,2021-05-17,grocery and pharmacy,19.736263736263734,2021,20
FR,FR,France,2021-05-17,parks,69.35164835164835,2021,20
FR,FR,France,2021-05-17,residential,3.901098901098901,2021,20
FR,FR,France,2021-05-17,retail and recreation,-14.571428571428573,2021,20
FR,FR,France,2021-05-17,transit stations,3.604395604395604,2021,20
FR,FR,France,2021-05-17,workplaces,-13.56043956043956,2021,20
FR,FR,France,2021-05-24,grocery and pharmacy,18.153846153846153,2021,21
FR,FR,France,2021-05-24,parks,84.56043956043956,2021,21
FR,FR,France,2021-05-24,residential,4.21978021978022,2021,21
FR,FR,France,2021-05-24,retail and recreation,-8.384615384615385,2021,21
FR,FR,France,2021-05-24,transit stations,4.3076923076923075,2021,21
FR,FR,France,2021-05-24,workplaces,-17.10989010989011,2021,21
FR,FR,France,2021-05-31,grocery and pharmacy,22.593406593406595,2021,22
FR,FR,France,2021-05-31,parks,86.34065934065936,2021,22
FR,FR,France,2021-05-31,residential,2.7142857142857144,2021,22
FR,FR,France,2021-05-31,retail and recreation,-5.406593406593406,2021,22
FR,FR,France,2021-05-31,transit stations,6.626373626373627,2021,22
FR,FR,France,2021-05-31,workplaces,-7.241758241758242,2021,22
FR,FR,France,2021-06-07,grocery and pharmacy,24.285714285714285,2021,23
FR,FR,France,2021-06-07,parks,114.03296703296704,2021,23
FR,FR,France,2021-06-07,residential,0.7912087912087912,2021,23
FR,FR,France,2021-06-07,retail and recreation,0.989010989010989,2021,23
FR,FR,France,2021-06-07,transit stations,12.263736263736265,2021,23
FR,FR,France,2021-06-07,workplaces,-7.065934065934067,2021,23
FR,FR,France,2021-06-14,grocery and pharmacy,22.318681318681318,2021,24
FR,FR,France,2021-06-14,parks,104.32783882783882,2021,24
FR,FR,France,2021-06-14,residential,0.9560439560439561,2021,24
FR,FR,France,2021-06-14,retail and recreation,0.4395604395604391,2021,24
FR,FR,France,2021-06-14,transit stations,11.79120879120879,2021,24
FR,FR,France,2021-06-14,workplaces,-7.857142857142857,2021,24
FR,FR,France,2021-06-21,grocery and pharmacy,19.395604395604398,2021,25
FR,FR,France,2021-06-21,parks,108.33626373626375,2021,25
FR,FR,France,2021-06-21,residential,1.1538461538461537,2021,25
FR,FR,France,2021-06-21,retail and recreation,1.0109890109890112,2021,25
FR,FR,France,2021-06-21,transit stations,14.21978021978022,2021,25
FR,FR,France,2021-06-21,workplaces,-8.934065934065934,2021,25
FR,FR,France,2021-06-28,grocery and pharmacy,24.208791208791208,2021,26
FR,FR,France,2021-06-28,parks,116.03516483516484,2021,26
FR,FR,France,2021-06-28,residential,0.3516483516483516,2021,26
FR,FR,France,2021-06-28,retail and recreation,8.021978021978022,2021,26
FR,FR,France,2021-06-28,transit stations,19.56043956043956,2021,26
FR,FR,France,2021-06-28,workplaces,-10.34065934065934,2021,26
FR,FR,France,2021-07-05,grocery and pharmacy,30.692307692307693,2021,27
FR,FR,France,2021-07-05,parks,160.40109890109892,2021,27
FR,FR,France,2021-07-05,residential,0.3516483516483516,2021,27
FR,FR,France,2021-07-05,retail and recreation,13.41758241758242,2021,27
FR,FR,France,2021-07-05,transit stations,29.626373626373624,2021,27
FR,FR,France,2021-07-05,workplaces,-12.923076923076923,2021,27
FR,FR,France,2021-07-12,grocery and pharmacy,29.791208791208792,2021,28
FR,FR,France,2021-07-12,parks,214.52197802197801,2021,28
FR,FR,France,2021-07-12,residential,2.3956043956043955,2021,28
FR,FR,France,2021-07-12,retail and recreation,13.0,2021,28
FR,FR,France,2021-07-12,transit stations,31.76923076923077,2021,28
FR,FR,France,2021-07-12,workplaces,-25.956043956043956,2021,28
FR,FR,France,2021-07-19,grocery and pharmacy,33.7032967032967,2021,29
FR,FR,France,2021-07-19,parks,225.73076923076923,2021,29
FR,FR,France,2021-07-19,residential,1.1758241758241756,2021,29
FR,FR,France,2021-07-19,retail and recreation,12.296703296703297,2021,29
FR,FR,France,2021-07-19,transit stations,32.417582417582416,2021,29
FR,FR,France,2021-07-19,workplaces,-18.450549450549453,2021,29
FR,FR,France,2021-07-26,grocery and pharmacy,35.67032967032967,2021,30
FR,FR,France,2021-07-26,parks,219.56593406593407,2021,30
FR,FR,France,2021-07-26,residential,2.208791208791209,2021,30
FR,FR,France,2021-07-26,retail and recreation,15.010989010989011,2021,30
FR,FR,France,2021-07-26,transit stations,38.065934065934066,2021,30
FR,FR,France,2021-07-26,workplaces,-20.46153846153846,2021,30
FR,FR,France,2021-08-02,grocery and pharmacy,39.4065934065934,2021,31
FR,FR,France,2021-08-02,parks,242.03296703296704,2021,31
FR,FR,France,2021-08-02,residential,3.813186813186813,2021,31
FR,FR,France,2021-08-02,retail and recreation,18.956043956043956,2021,31
FR,FR,France,2021-08-02,transit stations,36.14285714285714,2021,31
FR,FR,France,2021-08-02,workplaces,-28.35164835164835,2021,31
FR,FR,France,2021-08-09,grocery and pharmacy,42.53846153846154,2021,32
FR,FR,France,2021-08-09,parks,293.4945054945055,2021,32
FR,FR,France,2021-08-09,residential,3.3296703296703294,2021,32
FR,FR,France,2021-08-09,retail and recreation,14.714285714285714,2021,32
FR,FR,France,2021-08-09,transit stations,39.934065934065934,2021,32
FR,FR,France,2021-08-09,workplaces,-31.81318681318681,2021,32
FR,FR,France,2021-08-16,grocery and pharmacy,39.5934065934066,2021,33
FR,FR,France,2021-08-16,parks,251.82967032967034,2021,33
FR,FR,France,2021-08-16,residential,3.9340659340659343,2021,33
FR,FR,France,2021-08-16,retail and recreation,14.131868131868133,2021,33
FR,FR,France,2021-08-16,transit stations,37.417582417582416,2021,33
FR,FR,France,2021-08-16,workplaces,-28.835164835164832,2021,33
FR,FR,France,2021-08-23,grocery and pharmacy,34.21978021978022,2021,34
FR,FR,France,2021-08-23,parks,198.24725274725276,2021,34
FR,FR,France,2021-08-23,residential,2.9890109890109886,2021,34
FR,FR,France,2021-08-23,retail and recreation,11.296703296703296,2021,34
FR,FR,France,2021-08-23,transit stations,35.56043956043956,2021,34
FR,FR,France,2021-08-23,workplaces,-19.9010989010989,2021,34
FR,FR,France,2021-08-30,grocery and pharmacy,34.76923076923077,2021,35
FR,FR,France,2021-08-30,parks,147.53406593406592,2021,35
FR,FR,France,2021-08-30,residential,1.989010989010989,2021,35
FR,FR,France,2021-08-30,retail and recreation,11.593406593406595,2021,35
FR,FR,France,2021-08-30,transit stations,31.81318681318681,2021,35
FR,FR,France,2021-08-30,workplaces,-12.56043956043956,2021,35
FR,FR,France,2021-09-06,grocery and pharmacy,31.681318681318682,2021,36
FR,FR,France,2021-09-06,parks,150.0241758241758,2021,36
FR,FR,France,2021-09-06,residential,-0.010989010989011018,2021,36
FR,FR,France,2021-09-06,retail and recreation,10.384615384615385,2021,36
FR,FR,France,2021-09-06,transit stations,35.94505494505495,2021,36
FR,FR,France,2021-09-06,workplaces,-10.329670329670328,2021,36
FR,FR,France,2021-09-13,grocery and pharmacy,24.93406593406593,2021,37
FR,FR,France,2021-09-13,parks,122.09450549450548,2021,37
FR,FR,France,2021-09-13,residential,0.16483516483516483,2021,37
FR,FR,France,2021-09-13,retail and recreation,5.901098901098901,2021,37
FR,FR,France,2021-09-13,transit stations,32.43956043956044,2021,37
FR,FR,France,2021-09-13,workplaces,-11.54945054945055,2021,37
FR,FR,France,2021-09-20,grocery and pharmacy,20.81318681318681,2021,38
FR,FR,France,2021-09-20,parks,104.73846153846154,2021,38
FR,FR,France,2021-09-20,residential,0.36263736263736257,2021,38
FR,FR,France,2021-09-20,retail and recreation,2.373626373626373,2021,38
FR,FR,France,2021-09-20,transit stations,26.0989010989011,2021,38
FR,FR,France,2021-09-20,workplaces,-7.252747252747254,2021,38
FR,FR,France,2021-09-27,grocery and pharmacy,18.64835164835165,2021,39
FR,FR,France,2021-09-27,parks,66.85714285714286,2021,39
FR,FR,France,2021-09-27,residential,1.021978021978022,2021,39
FR,FR,France,2021-09-27,retail and recreation,-1.5604395604395604,2021,39
FR,FR,France,2021-09-27,transit stations,16.153846153846153,2021,39
FR,FR,France,2021-09-27,workplaces,-7.67032967032967,2021,39
FR,FR,France,2021-10-04,grocery and pharmacy,18.516483516483518,2021,40
FR,FR,France,2021-10-04,parks,62.78021978021978,2021,40
FR,FR,France,2021-10-04,residential,0.6923076923076923,2021,40
FR,FR,France,2021-10-04,retail and recreation,-0.021978021978022174,2021,40
FR,FR,France,2021-10-04,transit stations,14.21978021978022,2021,40
FR,FR,France,2021-10-04,workplaces,-8.252747252747254,2021,40
FR,FR,France,2021-10-11,grocery and pharmacy,16.208791208791208,2021,41
FR,FR,France,2021-10-11,parks,60.16483516483516,2021,41
FR,FR,France,2021-10-11,residential,0.7582417582417583,2021,41
FR,FR,France,2021-10-11,retail and recreation,-1.7582417582417582,2021,41
FR,FR,France,2021-10-11,transit stations,11.978021978021978,2021,41
FR,FR,France,2021-10-11,workplaces,-7.626373626373626,2021,41
FR,FR,France,2021-10-18,grocery and pharmacy,15.34065934065934,2021,42
FR,FR,France,2021-10-18,parks,49.64835164835165,2021,42
FR,FR,France,2021-10-18,residential,1.010989010989011,2021,42
FR,FR,France,2021-10-18,retail and recreation,-4.065934065934066,2021,42
FR,FR,France,2021-10-18,transit stations,12.373626373626372,2021,42
FR,FR,France,2021-10-18,workplaces,-8.10989010989011,2021,42
FR,FR,France,2021-10-25,grocery and pharmacy,23.241758241758244,2021,43
FR,FR,France,2021-10-25,parks,66.81318681318682,2021,43
FR,FR,France,2021-10-25,residential,2.2857142857142856,2021,43
FR,FR,France,2021-10-25,retail and recreation,1.8571428571428572,2021,43
FR,FR,France,2021-10-25,transit stations,12.35164835164835,2021,43
FR,FR,France,2021-10-25,workplaces,-18.75824175824176,2021,43
FR,FR,France,2021-11-01,grocery and pharmacy,12.64835164835165,2021,44
FR,FR,France,2021-11-01,parks,41.71428571428571,2021,44
FR,FR,France,2021-11-01,residential,5.230769230769231,2021,44
FR,FR,France,2021-11-01,retail and recreation,-5.10989010989011,2021,44
FR,FR,France,2021-11-01,transit stations,3.7252747252747254,2021,44
FR,FR,France,2021-11-01,workplaces,-26.978021978021978,2021,44
FR,FR,France,2021-11-08,grocery and pharmacy,12.263736263736265,2021,45
FR,FR,France,2021-11-08,parks,32.065934065934066,2021,45
FR,FR,France,2021-11-08,residential,4.824175824175824,2021,45
FR,FR,France,2021-11-08,retail and recreation,-6.67032967032967,2021,45
FR,FR,France,2021-11-08,transit stations,0.3736263736263736,2021,45
FR,FR,France,2021-11-08,workplaces,-22.604395604395602,2021,45
FR,FR,France,2021-11-15,grocery and pharmacy,12.252747252747252,2021,46
FR,FR,France,2021-11-15,parks,13.483516483516484,2021,46
FR,FR,France,2021-11-15,residential,2.1538461538461537,2021,46
FR,FR,France,2021-11-15,retail and recreation,-7.637362637362637,2021,46
FR,FR,France,2021-11-15,transit stations,0.6373626373626373,2021,46
FR,FR,France,2021-11-15,workplaces,-8.56043956043956,2021,46
FR,FR,France,2021-11-22,grocery and pharmacy,14.021978021978022,2021,47
FR,FR,France,2021-11-22,parks,3.747252747252747,2021,47
FR,FR,France,2021-11-22,residential,2.9890109890109886,2021,47
FR,FR,France,2021-11-22,retail and recreation,-6.846153846153846,2021,47
FR,FR,France,2021-11-22,transit stations,-2.0439560439560442,2021,47
FR,FR,France,2021-11-22,workplaces,-8.725274725274726,2021,47
FR,FR,France,2021-11-29,grocery and pharmacy,20.065934065934066,2021,48
FR,FR,France,2021-11-29,parks,4.747252747252746,2021,48
FR,FR,France,2021-11-29,residential,3.076923076923077,2021,48
FR,FR,France,2021-11-29,retail and recreation,-3.0329670329670333,2021,48
FR,FR,France,2021-11-29,transit stations,-1.5164835164835166,2021,48
FR,FR,France,2021-11-29,workplaces,-8.263736263736265,2021,48
FR,FR,France,2021-12-06,grocery and pharmacy,23.659340659340657,2021,49
FR,FR,France,2021-12-06,parks,9.043956043956044,2021,49
FR,FR,France,2021-12-06,residential,3.043956043956044,2021,49
FR,FR,France,2021-12-06,retail and recreation,0.10989010989010978,2021,49
FR,FR,France,2021-12-06,transit stations,-0.7582417582417583,2021,49
FR,FR,France,2021-12-06,workplaces,-6.021978021978023,2021,49
FR,FR,France,2021-12-13,grocery and pharmacy,30.076923076923077,2021,50
FR,FR,France,2021-12-13,parks,16.406593406593405,2021,50
FR,FR,France,2021-12-13,residential,2.4615384615384617,2021,50
FR,FR,France,2021-12-13,retail and recreation,4.0879120879120885,2021,50
FR,FR,France,2021-12-13,transit stations,3.9120879120879124,2021,50
FR,FR,France,2021-12-13,workplaces,-5.043956043956044,2021,50
FR,FR,France,2021-12-20,grocery and pharmacy,23.56043956043956,2021,51
FR,FR,France,2021-12-20,parks,19.7032967032967,2021,51
FR,FR,France,2021-12-20,residential,5.384615384615385,2021,51
FR,FR,France,2021-12-20,retail and recreation,-7.89010989010989,2021,51
FR,FR,France,2021-12-20,transit stations,-4.615384615384615,2021,51
FR,FR,France,2021-12-20,workplaces,-36.637362637362635,2021,51
FR,FR,France,2021-12-27,grocery and pharmacy,20.384615384615383,2021,52
FR,FR,France,2021-12-27,parks,37.05494505494506,2021,52
FR,FR,France,2021-12-27,residential,10.10989010989011,2021,52
FR,FR,France,2021-12-27,retail and recreation,-14.373626373626374,2021,52
FR,FR,France,2021-12-27,transit stations,-7.131868131868132,2021,52
FR,FR,France,2021-12-27,workplaces,-49.0,2021,52
FR,FR,France,2022-01-03,grocery and pharmacy,19.725274725274726,2022,1
FR,FR,France,2022-01-03,parks,-3.2527472527472527,2022,1
FR,FR,France,2022-01-03,residential,7.637362637362637,2022,1
FR,FR,France,2022-01-03,retail and recreation,-17.58241758241758,2022,1
FR,FR,France,2022-01-03,transit stations,-16.142857142857142,2022,1
FR,FR,France,2022-01-03,workplaces,-15.604395604395604,2022,1
FR,FR,France,2022-01-10,grocery and pharmacy,16.362637362637365,2022,2
FR,FR,France,2022-01-10,parks,6.230769230769231,2022,2
FR,FR,France,2022-01-10,residential,6.21978021978022,2022,2
FR,FR,France,2022-01-10,retail and recreation,-13.78021978021978,2022,2
FR,FR,France,2022-01-10,transit stations,-15.703296703296703,2022,2
FR,FR,France,2022-01-10,workplaces,-14.23076923076923,2022,2
FR,FR,France,2022-01-17,grocery and pharmacy,14.153846153846153,2022,3
FR,FR,France,2022-01-17,parks,7.824175824175825,2022,3
FR,FR,France,2022-01-17,residential,6.197802197802198,2022,3
FR,FR,France,2022-01-17,retail and recreation,-15.142857142857142,2022,3
FR,FR,France,2022-01-17,transit stations,-14.010989010989011,2022,3
FR,FR,France,2022-01-17,workplaces,-14.175824175824175,2022,3
FR,FR,France,2022-01-24,grocery and pharmacy,13.714285714285714,2022,4
FR,FR,France,2022-01-24,parks,8.417582417582418,2022,4
FR,FR,France,2022-01-24,residential,5.945054945054945,2022,4
FR,FR,France,2022-01-24,retail and recreation,-14.681318681318682,2022,4
FR,FR,France,2022-01-24,transit stations,-11.802197802197803,2022,4
FR,FR,France,2022-01-24,workplaces,-13.736263736263737,2022,4
FR,FR,France,2022-01-31,grocery and pharmacy,14.89010989010989,2022,5
FR,FR,France,2022-01-31,parks,6.428571428571429,2022,5
FR,FR,France,2022-01-31,residential,4.9120879120879115,2022,5
FR,FR,France,2022-01-31,retail and recreation,-11.868131868131867,2022,5
FR,FR,France,2022-01-31,transit stations,-6.8791208791208796,2022,5
FR,FR,France,2022-01-31,workplaces,-11.967032967032967,2022,5
FR,FR,France,2022-02-07,grocery and pharmacy,13.912087912087912,2022,6
FR,FR,France,2022-02-07,parks,28.86813186813187,2022,6
FR,FR,France,2022-02-07,residential,4.032967032967033,2022,6
FR,FR,France,2022-02-07,retail and recreation,-7.89010989010989,2022,6
FR,FR,France,2022-02-07,transit stations,-1.4725274725274724,2022,6
FR,FR,France,2022-02-07,workplaces,-15.626373626373626,2022,6
FR,FR,France,2022-02-14,grocery and pharmacy,12.43956043956044,2022,7
FR,FR,France,2022-02-14,parks,22.41758241758242,2022,7
FR,FR,France,2022-02-14,residential,4.516483516483516,2022,7
FR,FR,France,2022-02-14,retail and recreation,-7.8791208791208796,2022,7
FR,FR,France,2022-02-14,transit stations,-2.208791208791209,2022,7
FR,FR,France,2022-02-14,workplaces,-18.384615384615383,2022,7
FR,FR,France,2022-02-21,grocery and pharmacy,13.681318681318682,2022,8
FR,FR,France,2022-02-21,parks,37.81318681318681,2022,8
FR,FR,France,2022-02-21,residential,3.3076923076923075,2022,8
FR,FR,France,2022-02-21,retail and recreation,-8.56043956043956,2022,8
FR,FR,France,2022-02-21,transit stations,3.120879120879121,2022,8
FR,FR,France,2022-02-21,workplaces,-12.340659340659341,2022,8
FR,FR,France,2022-02-28,grocery and pharmacy,17.307692307692307,2022,9
FR,FR,France,2022-02-28,parks,35.24175824175824,2022,9
FR,FR,France,2022-02-28,residential,2.6923076923076925,2022,9
FR,FR,France,2022-02-28,retail and recreation,-6.241758241758242,2022,9
FR,FR,France,2022-02-28,transit stations,4.593406593406593,2022,9
FR,FR,France,2022-02-28,workplaces,-8.582417582417582,2022,9
FR,FR,France,2022-03-07,grocery and pharmacy,12.0,2022,10
FR,FR,France,2022-03-07,parks,28.604395604395602,2022,10
FR,FR,France,2022-03-07,residential,3.5054945054945055,2022,10
FR,FR,France,2022-03-07,retail and recreation,-11.901098901098901,2022,10
FR,FR,France,2022-03-07,transit stations,1.3406593406593408,2022,10
FR,FR,France,2022-03-07,workplaces,-7.032967032967033,2022,10
FR,FR,France,2022-03-14,grocery and pharmacy,13.813186813186814,2022,11
FR,FR,France,2022-03-14,parks,38.747252747252745,2022,11
FR,FR,France,2022-03-14,residential,3.2967032967032965,2022,11
FR,FR,France,2022-03-14,retail and recreation,-10.263736263736263,2022,11
FR,FR,France,2022-03-14,transit stations,3.4505494505494507,2022,11
FR,FR,France,2022-03-14,workplaces,-6.857142857142857,2022,11
FR,FR,France,2022-03-21,grocery and pharmacy,15.681318681318682,2022,12
FR,FR,France,2022-03-21,parks,59.81318681318681,2022,12
FR,FR,France,2022-03-21,residential,2.8351648351648353,2022,12
FR,FR,France,2022-03-21,retail and recreation,-10.241758241758241,2022,12
FR,FR,France,2022-03-21,transit stations,4.945054945054945,2022,12
FR,FR,France,2022-03-21,workplaces,-6.659340659340659,2022,12
FR,FR,France,2022-03-28,grocery and pharmacy,16.483516483516482,2022,13
FR,FR,France,2022-03-28,parks,29.12087912087912,2022,13
FR,FR,France,2022-03-28,residential,4.0989010989010985,2022,13
FR,FR,France,2022-03-28,retail and recreation,-12.483516483516484,2022,13
FR,FR,France,2022-03-28,transit stations,0.6043956043956045,2022,13
FR,FR,France,2022-03-28,workplaces,-7.153846153846154,2022,13
FR,FR,France,2022-04-04,grocery and pharmacy,23.2967032967033,2022,14
FR,FR,France,2022-04-04,parks,46.329670329670336,2022,14
FR,FR,France,2022-04-04,residential,3.054945054945055,2022,14
FR,FR,France,2022-04-04,retail and recreation,-5.725274725274725,2022,14
FR,FR,France,2022-04-04,transit stations,9.340659340659341,2022,14
FR,FR,France,2022-04-04,workplaces,-5.857142857142857,2022,14
FR,FR,France,2022-04-11,grocery and pharmacy,28.16483516483516,2022,15
FR,FR,France,2022-04-11,parks,111.86813186813187,2022,15
FR,FR,France,2022-04-11,residential,2.2857142857142856,2022,15
FR,FR,France,2022-04-11,retail and recreation,-1.5494505494505497,2022,15
FR,FR,France,2022-04-11,transit stations,17.24175824175824,2022,15
FR,FR,France,2022-04-11,workplaces,-14.736263736263737,2022,15
FR,FR,France,2022-04-18,grocery and pharmacy,17.692307692307693,2022,16
FR,FR,France,2022-04-18,parks,106.01098901098901,2022,16
FR,FR,France,2022-04-18,residential,5.186813186813187,2022,16
FR,FR,France,2022-04-18,retail and recreation,-6.450549450549451,2022,16
FR,FR,France,2022-04-18,transit stations,14.175824175824175,2022,16
FR,FR,France,2022-04-18,workplaces,-24.758241758241756,2022,16
FR,FR,France,2022-04-25,grocery and pharmacy,20.67032967032967,2022,17
FR,FR,France,2022-04-25,parks,102.56043956043956,2022,17
FR,FR,France,2022-04-25,residential,2.1538461538461537,2022,17
FR,FR,France,2022-04-25,retail and recreation,-1.241758241758242,2022,17
FR,FR,France,2022-04-25,transit stations,18.032967032967033,2022,17
FR,FR,France,2022-04-25,workplaces,-10.626373626373626,2022,17
FR,FR,France,2022-05-02,grocery and pharmacy,26.35164835164835,2022,18
FR,FR,France,2022-05-02,parks,95.54945054945054,2022,18
FR,FR,France,2022-05-02,residential,1.1758241758241759,2022,18
FR,FR,France,2022-05-02,retail and recreation,2.4065934065934065,2022,18
FR,FR,France,2022-05-02,transit stations,20.791208791208792,2022,18
FR,FR,France,2022-05-02,workplaces,-6.32967032967033,2022,18
FR,FR,France,2022-05-09,grocery and pharmacy,25.21978021978022,2022,19
FR,FR,France,2022-05-09,parks,104.17582417582418,2022,19
FR,FR,France,2022-05-09,residential,0.07692307692307693,2022,19
FR,FR,France,2022-05-09,retail and recreation,2.0,2022,19
FR,FR,France,2022-05-09,transit stations,21.659340659340657,2022,19
FR,FR,France,2022-05-09,workplaces,-3.912087912087912,2022,19
FR,FR,France,2022-05-16,grocery and pharmacy,23.659340659340657,2022,20
FR,FR,France,2022-05-16,parks,110.26373626373628,2022,20
FR,FR,France,2022-05-16,residential,0.26373626373626374,2022,20
FR,FR,France,2022-05-16,retail and recreation,0.3076923076923077,2022,20
FR,FR,France,2022-05-16,transit stations,23.736263736263734,2022,20
FR,FR,France,2022-05-16,workplaces,-3.758241758241758,2022,20
FR,FR,France,2022-05-23,grocery and pharmacy,25.604395604395606,2022,21
FR,FR,France,2022-05-23,parks,155.82417582417582,2022,21
FR,FR,France,2022-05-23,residential,2.3956043956043955,2022,21
FR,FR,France,2022-05-23,retail and recreation,5.252747252747254,2022,21
FR,FR,France,2022-05-23,transit stations,29.494505494505496,2022,21
FR,FR,France,2022-05-23,workplaces,-21.703296703296704,2022,21
FR,FR,France,2022-05-30,grocery and pharmacy,30.47252747252747,2022,22
FR,FR,France,2022-05-30,parks,125.6923076923077,2022,22
FR,FR,France,2022-05-30,residential,-0.10989010989010987,2022,22
FR,FR,France,2022-05-30,retail and recreation,6.89010989010989,2022,22
FR,FR,France,2022-05-30,transit stations,29.285714285714285,2022,22
FR,FR,France,2022-05-30,workplaces,-3.7582417582417587,2022,22
FR,FR,France,2022-06-06,grocery and pharmacy,26.010989010989007,2022,23
FR,FR,France,2022-06-06,parks,131.87472527472528,2022,23
FR,FR,France,2022-06-06,residential,1.4835164835164834,2022,23
FR,FR,France,2022-06-06,retail and recreation,5.175824175824176,2022,23
FR,FR,France,2022-06-06,transit stations,27.824175824175825,2022,23
FR,FR,France,2022-06-06,workplaces,-10.626373626373626,2022,23
FR,FR,France,2022-06-13,grocery and pharmacy,31.087912087912084,2022,24
FR,FR,France,2022-06-13,parks,139.6021978021978,2022,24
FR,FR,France,2022-06-13,residential,0.25274725274725274,2022,24
FR,FR,France,2022-06-13,retail and recreation,5.362637362637363,2022,24
FR,FR,France,2022-06-13,transit stations,29.86813186813187,2022,24
FR,FR,France,2022-06-13,workplaces,-3.0879120879120876,2022,24
FR,FR,France,2022-06-20,grocery and pharmacy,27.53846153846154,2022,25
FR,FR,France,2022-06-20,parks,135.2,2022,25
FR,FR,France,2022-06-20,residential,0.5164835164835165,2022,25
FR,FR,France,2022-06-20,retail and recreation,6.934065934065933,2022,25
FR,FR,France,2022-06-20,transit stations,29.86813186813187,2022,25
FR,FR,France,2022-06-20,workplaces,-4.296703296703297,2022,25
FR,FR,France,2022-06-27,grocery and pharmacy,32.76923076923077,2022,26
FR,FR,France,2022-06-27,parks,145.09890109890108,2022,26
FR,FR,France,2022-06-27,residential,0.3956043956043956,2022,26
FR,FR,France,2022-06-27,retail and recreation,8.527472527472527,2022,26
FR,FR,France,2022-06-27,transit stations,33.32967032967033,2022,26
FR,FR,France,2022-06-27,workplaces,-5.208791208791208,2022,26
FR,FR,France,2022-07-04,grocery and pharmacy,37.043956043956044,2022,27
FR,FR,France,2022-07-04,parks,174.25934065934067,2022,27
FR,FR,France,2022-07-04,residential,0.2747252747252747,2022,27
FR,FR,France,2022-07-04,retail and recreation,10.91208791208791,2022,27
FR,FR,France,2022-07-04,transit stations,35.901098901098905,2022,27
FR,FR,France,2022-07-04,workplaces,-9.043956043956044,2022,27
FR,FR,France,2022-07-11,grocery and pharmacy,33.43956043956044,2022,28
FR,FR,France,2022-07-11,parks,240.53846153846155,2022,28
FR,FR,France,2022-07-11,residential,2.7032967032967035,2022,28
FR,FR,France,2022-07-11,retail and recreation,8.516483516483516,2022,28
FR,FR,France,2022-07-11,transit stations,39.032967032967036,2022,28
FR,FR,France,2022-07-11,workplaces,-26.10989010989011,2022,28
FR,FR,France,2022-07-18,grocery and pharmacy,34.45054945054945,2022,29
FR,FR,France,2022-07-18,parks,214.52747252747255,2022,29
FR,FR,France,2022-07-18,residential,3.9890109890109886,2022,29
FR,FR,France,2022-07-18,retail and recreation,7.6593406593406606,2022,29
FR,FR,France,2022-07-18,transit stations,37.901098901098905,2022,29
FR,FR,France,2022-07-18,workplaces,-16.197802197802197,2022,29
FR,FR,France,2022-07-25,grocery and pharmacy,38.87912087912088,2022,30
FR,FR,France,2022-07-25,parks,233.21428571428572,2022,30
FR,FR,France,2022-07-25,residential,2.417582417582418,2022,30
FR,FR,France,2022-07-25,retail and recreation,14.032967032967035,2022,30
FR,FR,France,2022-07-25,transit stations,45.582417582417584,2022,30
FR,FR,France,2022-07-25,workplaces,-17.406593406593405,2022,30
FR,FR,France,2022-08-01,grocery and pharmacy,43.65934065934066,2022,31
FR,FR,France,2022-08-01,parks,268.43956043956047,2022,31
FR,FR,France,2022-08-01,residential,3.21978021978022,2022,31
FR,FR,France,2022-08-01,retail and recreation,16.791208791208792,2022,31
FR,FR,France,2022-08-01,transit stations,44.8021978021978,2022,31
FR,FR,France,2022-08-01,workplaces,-25.483516483516482,2022,31
FR,FR,France,2022-08-08,grocery and pharmacy,44.65934065934066,2022,32
FR,FR,France,2022-08-08,parks,291.14285714285717,2022,32
FR,FR,France,2022-08-08,residential,4.0,2022,32
FR,FR,France,2022-08-08,retail and recreation,16.472527472527474,2022,32
FR,FR,France,2022-08-08,transit stations,44.934065934065934,2022,32
FR,FR,France,2022-08-08,workplaces,-30.35164835164835,2022,32
FR,FR,France,2022-08-15,grocery and pharmacy,36.142857142857146,2022,33
FR,FR,France,2022-08-15,parks,260.1428571428571,2022,33
FR,FR,France,2022-08-15,residential,7.769230769230769,2022,33
FR,FR,France,2022-08-15,retail and recreation,13.142857142857142,2022,33
FR,FR,France,2022-08-15,transit stations,42.065934065934066,2022,33
FR,FR,France,2022-08-15,workplaces,-32.75824175824176,2022,33
FR,FR,France,2022-08-22,grocery and pharmacy,34.75824175824176,2022,34
FR,FR,France,2022-08-22,parks,217.17582417582418,2022,34
FR,FR,France,2022-08-22,residential,5.439560439560439,2022,34
FR,FR,France,2022-08-22,retail and recreation,11.35164835164835,2022,34
FR,FR,France,2022-08-22,transit stations,40.07692307692308,2022,34
FR,FR,France,2022-08-22,workplaces,-18.802197802197803,2022,34
FR,FR,France,2022-08-29,grocery and pharmacy,35.05494505494505,2022,35
FR,FR,France,2022-08-29,parks,154.46813186813188,2022,35
FR,FR,France,2022-08-29,residential,3.076923076923077,2022,35
FR,FR,France,2022-08-29,retail and recreation,11.098901098901099,2022,35
FR,FR,France,2022-08-29,transit stations,34.934065934065934,2022,35
FR,FR,France,2022-08-29,workplaces,-11.0,2022,35
FR,FR,France,2022-09-05,grocery and pharmacy,33.15384615384615,2022,36
FR,FR,France,2022-09-05,parks,151.3846153846154,2022,36
FR,FR,France,2022-09-05,residential,0.967032967032967,2022,36
FR,FR,France,2022-09-05,retail and recreation,10.373626373626374,2022,36
FR,FR,France,2022-09-05,transit stations,36.175824175824175,2022,36
FR,FR,France,2022-09-05,workplaces,-7.681318681318682,2022,36
FR,FR,France,2022-09-12,grocery and pharmacy,30.175824175824175,2022,37
FR,FR,France,2022-09-12,parks,143.27692307692308,2022,37
FR,FR,France,2022-09-12,residential,0.7692307692307693,2022,37
FR,FR,France,2022-09-12,retail and recreation,8.472527472527473,2022,37
FR,FR,France,2022-09-12,transit stations,36.967032967032964,2022,37
FR,FR,France,2022-09-12,workplaces,-6.813186813186813,2022,37
FR,FR,France,2022-09-19,grocery and pharmacy,26.87912087912088,2022,38
FR,FR,France,2022-09-19,parks,114.03956043956045,2022,38
FR,FR,France,2022-09-19,residential,1.4945054945054943,2022,38
FR,FR,France,2022-09-19,retail and recreation,3.714285714285715,2022,38
FR,FR,France,2022-09-19,transit stations,31.18681318681319,2022,38
FR,FR,France,2022-09-19,workplaces,-6.087912087912088,2022,38
FR,FR,France,2022-09-26,grocery and pharmacy,25.64835164835165,2022,39
FR,FR,France,2022-09-26,parks,80.10989010989012,2022,39
FR,FR,France,2022-09-26,residential,2.1648351648351647,2022,39
FR,FR,France,2022-09-26,retail and recreation,2.230769230769231,2022,39
FR,FR,France,2022-09-26,transit stations,24.252747252747252,2022,39
FR,FR,France,2022-09-26,workplaces,-4.549450549450549,2022,39
FR,FR,France,2022-10-03,grocery and pharmacy,27.53846153846154,2022,40
FR,FR,France,2022-10-03,parks,87.47252747252747,2022,40
FR,FR,France,2022-10-03,residential,1.3076923076923077,2022,40
FR,FR,France,2022-10-03,retail and recreation,3.582417582417582,2022,40
FR,FR,France,2022-10-03,transit stations,25.043956043956044,2022,40
FR,FR,France,2022-10-03,workplaces,-3.208791208791209,2022,40
FR,FR,France,2022-10-10,grocery and pharmacy,22.17948717948718,2022,41
FR,FR,France,2022-10-10,parks,66.57692307692308,2022,41
FR,FR,France,2022-10-10,residential,2.5,2022,41
FR,FR,France,2022-10-10,retail and recreation,-3.5641025641025643,2022,41
FR,FR,France,2022-10-10,transit stations,19.615384615384617,2022,41
FR,FR,France,2022-10-10,workplaces,-5.333333333333333,2022,41
