geo_level,geo_code,geo_name,date_monday,tmin,tmax,tmean,year_iso,week_iso_num
FR,FR,France,2018-01-01,6.6725,12.017916666666666,9.345952380952381,2018,1
FR,FR,France,2018-01-08,3.4063988095238096,8.886517857142858,6.146398809523809,2018,2
FR,FR,France,2018-01-15,4.550625,10.744345238095237,7.647068452380952,2018,3
FR,FR,France,2018-01-22,5.423526785714286,11.140059523809525,8.281607142857142,2018,4
FR,FR,France,2018-01-29,3.199389880952381,8.217157738095239,5.708244047619048,2018,5
FR,FR,France,2018-02-05,-0.7308035714285714,4.866532738095239,2.0679315476190476,2018,6
FR,FR,France,2018-02-12,1.6484970238095238,8.919880952380952,5.284226190476191,2018,7
FR,FR,France,2018-02-19,-0.02650297619047619,6.296949404761905,3.135267857142857,2018,8
FR,FR,France,2018-02-26,-2.157380952380952,6.004389880952381,1.9234970238095237,2018,9
FR,FR,France,2018-03-05,5.303556547619047,13.808824404761905,9.556294642857143,2018,10
FR,FR,France,2018-03-12,4.610342261904762,11.71404761904762,8.162276785714285,2018,11
FR,FR,France,2018-03-19,1.1968303571428571,9.438556547619047,5.317767857142857,2018,12
FR,FR,France,2018-03-26,4.644494047619047,12.543497023809524,8.593839285714287,2018,13
FR,FR,France,2018-04-02,7.522202380952382,17.031011904761904,12.276636904761906,2018,14
FR,FR,France,2018-04-09,7.546964285714285,16.093720238095237,11.820372023809524,2018,15
FR,FR,France,2018-04-16,9.348392857142857,24.004880952380955,16.676919642857143,2018,16
FR,FR,France,2018-04-23,8.865550595238096,18.556473214285713,13.71108630952381,2018,17
FR,FR,France,2018-04-30,7.543065476190477,17.921845238095237,12.73232142857143,2018,18
FR,FR,France,2018-05-07,9.805565476190475,20.087633928571428,14.946666666666667,2018,19
FR,FR,France,2018-05-14,9.107142857142858,19.21888392857143,14.162886904761905,2018,20
FR,FR,France,2018-05-21,12.599464285714285,24.12824404761905,18.363869047619048,2018,21
FR,FR,France,2018-05-28,14.263794642857142,23.45331845238095,18.858645833333334,2018,22
FR,FR,France,2018-06-04,15.088125,24.053511904761905,19.570744047619048,2018,23
FR,FR,France,2018-06-11,13.735997023809524,21.873199404761905,17.8046875,2018,24
FR,FR,France,2018-06-18,13.345386904761904,24.898883928571426,19.122232142857143,2018,25
FR,FR,France,2018-06-25,15.158794642857144,28.459761904761905,21.809241071428573,2018,26
FR,FR,France,2018-07-02,16.631517857142857,27.981785714285717,22.306636904761906,2018,27
FR,FR,France,2018-07-09,15.269300595238095,27.722901785714285,21.496011904761904,2018,28
FR,FR,France,2018-07-16,15.741994047619047,27.279791666666668,21.51105654761905,2018,29
FR,FR,France,2018-07-23,17.18433035714286,30.20391369047619,23.694270833333334,2018,30
FR,FR,France,2018-07-30,18.42782738095238,31.60491071428571,25.016339285714285,2018,31
FR,FR,France,2018-08-06,15.924747023809523,28.23596726190476,22.08034226190476,2018,32
FR,FR,France,2018-08-13,15.18828869047619,26.263526785714287,20.725833333333334,2018,33
FR,FR,France,2018-08-20,14.911279761904764,25.967886904761908,20.439598214285713,2018,34
FR,FR,France,2018-08-27,13.068511904761905,24.54044642857143,18.804255952380952,2018,35
FR,FR,France,2018-09-03,12.985892857142858,24.875714285714285,18.930714285714284,2018,36
FR,FR,France,2018-09-10,12.91797619047619,25.84125,19.37950892857143,2018,37
FR,FR,France,2018-09-17,13.780208333333334,25.8218005952381,19.80107142857143,2018,38
FR,FR,France,2018-09-24,8.441845238095238,21.911309523809525,15.176815476190477,2018,39
FR,FR,France,2018-10-01,9.546741071428572,20.094449404761907,14.820744047619046,2018,40
FR,FR,France,2018-10-08,12.21186011904762,22.930252976190477,17.571116071428573,2018,41
FR,FR,France,2018-10-15,10.070104166666667,20.796592261904763,15.433422619047619,2018,42
FR,FR,France,2018-10-22,6.405818452380952,14.869895833333333,10.637857142857143,2018,43
FR,FR,France,2018-10-29,4.421294642857143,12.185714285714285,8.30376488095238,2018,44
FR,FR,France,2018-11-05,8.187961309523809,15.399880952380952,11.793943452380953,2018,45
FR,FR,France,2018-11-12,6.782872023809524,13.538303571428571,10.16047619047619,2018,46
FR,FR,France,2018-11-19,2.0682886904761904,8.912410714285715,5.4903571428571425,2018,47
FR,FR,France,2018-11-26,5.648794642857143,11.625729166666666,8.637261904761905,2018,48
FR,FR,France,2018-12-03,7.98108630952381,13.301666666666668,10.641488095238095,2018,49
FR,FR,France,2018-12-10,1.1013541666666666,7.072321428571429,4.0868005952380955,2018,50
FR,FR,France,2018-12-17,5.766130952380952,11.703928571428571,8.735000000000001,2018,51
FR,FR,France,2018-12-24,1.7766666666666666,7.677738095238095,4.727127976190476,2018,52
FR,FR,France,2018-12-31,1.5240476190476189,6.7225,4.123154761904762,2019,1
FR,FR,France,2019-01-07,2.333645833333333,7.293779761904762,4.813601190476191,2019,2
FR,FR,France,2019-01-14,1.606592261904762,8.013184523809523,4.809806547619048,2019,3
FR,FR,France,2019-01-21,0.2970089285714286,5.956383928571429,3.1267261904761905,2019,4
FR,FR,France,2019-01-28,1.345625,6.6117857142857135,3.978690476190476,2019,5
FR,FR,France,2019-02-04,2.785505952380952,10.27953869047619,6.532395833333333,2019,6
FR,FR,France,2019-02-11,0.6645684523809524,13.451145833333333,7.057872023809524,2019,7
FR,FR,France,2019-02-18,2.1354613095238095,15.234196428571428,8.68483630952381,2019,8
FR,FR,France,2019-02-25,4.259032738095238,16.46668154761905,10.3628125,2019,9
FR,FR,France,2019-03-04,6.4065625,13.707395833333335,10.056979166666666,2019,10
FR,FR,France,2019-03-11,5.275729166666667,12.974791666666667,9.125252976190476,2019,11
FR,FR,France,2019-03-18,2.501502976190476,15.136160714285715,8.818779761904763,2019,12
FR,FR,France,2019-03-25,3.0416815476190475,16.06922619047619,9.555357142857142,2019,13
FR,FR,France,2019-04-01,4.216205357142857,13.968482142857143,9.0925,2019,14
FR,FR,France,2019-04-08,3.7732886904761904,14.042857142857143,8.908020833333333,2019,15
FR,FR,France,2019-04-15,7.267872023809524,19.910877976190477,13.589255952380952,2019,16
FR,FR,France,2019-04-22,8.490133928571428,17.108794642857145,12.799449404761903,2019,17
FR,FR,France,2019-04-29,5.666443452380952,15.679627976190476,10.672976190476192,2019,18
FR,FR,France,2019-05-06,6.974791666666667,16.70122023809524,11.838125,2019,19
FR,FR,France,2019-05-13,7.512782738095239,17.844627976190477,12.678705357142858,2019,20
FR,FR,France,2019-05-20,10.072514880952381,20.691770833333333,15.382217261904762,2019,21
FR,FR,France,2019-05-27,11.15532738095238,22.81090773809524,16.983035714285716,2019,22
FR,FR,France,2019-06-03,11.661875,21.928764880952382,16.795357142857142,2019,23
FR,FR,France,2019-06-10,11.143482142857144,20.502559523809524,15.82296130952381,2019,24
FR,FR,France,2019-06-17,13.691651785714285,25.62473214285714,19.658169642857143,2019,25
FR,FR,France,2019-06-24,18.218467261904763,32.31556547619048,25.267068452380954,2019,26
FR,FR,France,2019-07-01,16.315089285714286,29.058556547619048,22.686755952380953,2019,27
FR,FR,France,2019-07-08,15.076681547619048,26.92395833333333,21.00019345238095,2019,28
FR,FR,France,2019-07-15,14.735565476190475,27.683139880952382,21.209389880952383,2019,29
FR,FR,France,2019-07-22,18.254761904761903,31.07120535714286,24.663035714285712,2019,30
FR,FR,France,2019-07-29,14.24546130952381,27.20104166666667,20.723288690476192,2019,31
FR,FR,France,2019-08-05,17.161517857142858,27.34239583333333,22.25188988095238,2019,32
FR,FR,France,2019-08-12,13.969404761904762,24.48997023809524,19.22970238095238,2019,33
FR,FR,France,2019-08-19,13.30529761904762,26.87175595238095,20.08858630952381,2019,34
FR,FR,France,2019-08-26,16.042395833333334,28.50857142857143,22.275342261904765,2019,35
FR,FR,France,2019-09-02,10.699955357142857,22.502544642857142,16.601339285714285,2019,36
FR,FR,France,2019-09-09,11.343928571428572,24.746011904761904,18.04511904761905,2019,37
FR,FR,France,2019-09-16,12.80543154761905,25.046636904761908,18.926056547619048,2019,38
FR,FR,France,2019-09-23,13.228943452380953,21.40089285714286,17.314925595238094,2019,39
FR,FR,France,2019-09-30,11.151190476190477,19.10778273809524,15.12953869047619,2019,40
FR,FR,France,2019-10-07,11.2040625,20.208705357142858,15.70641369047619,2019,41
FR,FR,France,2019-10-14,11.737261904761906,18.318065476190476,15.02764880952381,2019,42
FR,FR,France,2019-10-21,9.889017857142857,17.451577380952383,13.670372023809525,2019,43
FR,FR,France,2019-10-28,10.248616071428572,15.208020833333334,12.728273809523811,2019,44
FR,FR,France,2019-11-04,5.894494047619048,11.722693452380952,8.808511904761906,2019,45
FR,FR,France,2019-11-11,2.5854166666666667,8.760059523809524,5.6725892857142854,2019,46
FR,FR,France,2019-11-18,3.3273809523809526,10.377366071428572,6.852291666666667,2019,47
FR,FR,France,2019-11-25,6.716696428571429,11.929657738095237,9.323229166666666,2019,48
FR,FR,France,2019-12-02,2.020580357142857,9.17470238095238,5.597708333333333,2019,49
FR,FR,France,2019-12-09,4.676175595238095,10.746517857142857,7.711383928571428,2019,50
FR,FR,France,2019-12-16,7.583690476190476,13.305654761904762,10.444627976190477,2019,51
FR,FR,France,2019-12-23,4.638333333333333,10.790282738095238,7.714181547619048,2019,52
FR,FR,France,2019-12-30,1.645952380952381,8.873452380952381,5.259747023809524,2020,1
FR,FR,France,2020-01-06,3.5030505952380953,10.691294642857143,7.097232142857142,2020,2
FR,FR,France,2020-01-13,3.7340625000000003,10.925178571428573,7.32967261904762,2020,3
FR,FR,France,2020-01-20,0.9147321428571429,8.344479166666668,4.629538690476191,2020,4
FR,FR,France,2020-01-27,6.494940476190476,12.474032738095238,9.484479166666667,2020,5
FR,FR,France,2020-02-03,3.8730952380952384,12.253318452380952,8.063229166666668,2020,6
FR,FR,France,2020-02-10,5.634508928571429,13.151934523809524,9.393258928571429,2020,7
FR,FR,France,2020-02-17,4.222946428571428,12.760803571428573,8.491934523809524,2020,8
FR,FR,France,2020-02-24,4.536845238095238,12.216369047619047,8.376532738095237,2020,9
FR,FR,France,2020-03-02,4.03672619047619,10.83767857142857,7.437202380952381,2020,10
FR,FR,France,2020-03-09,5.844925595238095,14.042499999999999,9.94375,2020,11
FR,FR,France,2020-03-16,5.977514880952381,16.193377976190476,11.085595238095237,2020,12
FR,FR,France,2020-03-23,2.102574404761905,13.167946428571428,7.6352232142857135,2020,13
FR,FR,France,2020-03-30,2.0661011904761906,14.663973214285713,8.364985119047619,2020,14
FR,FR,France,2020-04-06,7.388482142857143,22.06361607142857,14.726145833333334,2020,15
FR,FR,France,2020-04-13,8.191220238095239,19.928973214285715,14.06001488095238,2020,16
FR,FR,France,2020-04-20,9.989821428571428,20.43050595238095,15.21014880952381,2020,17
FR,FR,France,2020-04-27,9.845877976190476,17.96657738095238,13.906205357142857,2020,18
FR,FR,France,2020-05-04,11.184627976190477,22.15377976190476,16.66919642857143,2020,19
FR,FR,France,2020-05-11,7.719880952380952,16.98717261904762,12.353541666666667,2020,20
FR,FR,France,2020-05-18,10.888913690476192,23.877559523809524,17.383303571428574,2020,21
FR,FR,France,2020-05-25,10.937604166666667,24.619122023809524,17.778422619047618,2020,22
FR,FR,France,2020-06-01,12.022767857142858,21.894122023809526,16.958482142857143,2020,23
FR,FR,France,2020-06-08,11.099761904761905,20.28340773809524,15.691666666666668,2020,24
FR,FR,France,2020-06-15,12.139464285714284,22.188407738095236,17.16386904761905,2020,25
FR,FR,France,2020-06-22,15.631056547619048,27.63072916666667,21.630892857142857,2020,26
FR,FR,France,2020-06-29,14.6715625,24.4396875,19.555625,2020,27
FR,FR,France,2020-07-06,13.363482142857142,26.146889880952383,19.755059523809525,2020,28
FR,FR,France,2020-07-13,14.184032738095238,25.557514880952382,19.87058035714286,2020,29
FR,FR,France,2020-07-20,15.56328869047619,28.01340773809524,21.78827380952381,2020,30
FR,FR,France,2020-07-27,16.768839285714286,30.20909226190476,23.489017857142855,2020,31
FR,FR,France,2020-08-03,15.213645833333333,30.676026785714285,22.9446875,2020,32
FR,FR,France,2020-08-10,18.26796130952381,29.80879464285714,24.038318452380953,2020,33
FR,FR,France,2020-08-17,16.951041666666665,27.715074404761904,22.33294642857143,2020,34
FR,FR,France,2020-08-24,13.891741071428571,24.220714285714283,19.05607142857143,2020,35
FR,FR,France,2020-08-31,11.946741071428571,23.93822916666667,17.942395833333332,2020,36
FR,FR,France,2020-09-07,12.441800595238094,26.429241071428574,19.435401785714287,2020,37
FR,FR,France,2020-09-14,15.714360119047619,28.912142857142857,22.313348214285714,2020,38
FR,FR,France,2020-09-21,11.380714285714285,19.07699404761905,15.228794642857144,2020,39
FR,FR,France,2020-09-28,9.862157738095238,16.877440476190475,13.369642857142857,2020,40
FR,FR,France,2020-10-05,10.099047619047619,16.715476190476192,13.407306547619049,2020,41
FR,FR,France,2020-10-12,6.2733928571428565,13.516294642857142,9.89485119047619,2020,42
FR,FR,France,2020-10-19,10.412202380952381,17.802752976190476,14.107529761904763,2020,43
FR,FR,France,2020-10-26,8.987098214285714,16.48421130952381,12.735624999999999,2020,44
FR,FR,France,2020-11-02,7.5219940476190486,15.602113095238096,11.56188988095238,2020,45
FR,FR,France,2020-11-09,8.377767857142857,16.515014880952382,12.446473214285716,2020,46
FR,FR,France,2020-11-16,4.661785714285714,13.017872023809524,8.84,2020,47
FR,FR,France,2020-11-23,3.1321875,12.221264880952381,7.676681547619047,2020,48
FR,FR,France,2020-11-30,2.1485416666666666,7.740342261904762,4.944627976190476,2020,49
FR,FR,France,2020-12-07,2.598080357142857,8.328898809523809,5.463541666666667,2020,50
FR,FR,France,2020-12-14,6.06485119047619,12.097842261904761,9.081383928571428,2020,51
FR,FR,France,2020-12-21,4.552410714285714,10.019464285714285,7.2859375,2020,52
FR,FR,France,2020-12-28,1.088125,5.641979166666666,3.3651339285714283,2020,53
FR,FR,France,2021-01-04,-1.1291666666666667,3.5406398809523814,1.2056696428571427,2021,1
FR,FR,France,2021-01-11,0.9906101190476191,7.190252976190476,4.0903125000000005,2021,2
FR,FR,France,2021-01-18,2.540863095238095,9.24563988095238,5.893318452380953,2021,3
FR,FR,France,2021-01-25,4.326696428571428,10.154910714285714,7.240803571428572,2021,4
FR,FR,France,2021-02-01,6.4737351190476184,11.809494047619047,9.141622023809523,2021,5
FR,FR,France,2021-02-08,-1.3894940476190476,4.700982142857143,1.655669642857143,2021,6
FR,FR,France,2021-02-15,5.2473809523809525,14.294880952380952,9.77111607142857,2021,7
FR,FR,France,2021-02-22,5.441651785714286,15.247440476190476,10.344657738095238,2021,8
FR,FR,France,2021-03-01,2.924434523809524,13.070744047619046,7.997574404761905,2021,9
FR,FR,France,2021-03-08,3.187633928571428,12.128348214285715,7.658214285714286,2021,10
FR,FR,France,2021-03-15,2.9130059523809524,10.064226190476191,6.48858630952381,2021,11
FR,FR,France,2021-03-22,2.446502976190476,14.967217261904763,8.706755952380952,2021,12
FR,FR,France,2021-03-29,5.491116071428571,19.92409226190476,12.707752976190477,2021,13
FR,FR,France,2021-04-05,2.6373363095238096,12.91480654761905,7.7759970238095235,2021,14
FR,FR,France,2021-04-12,1.2624404761904762,12.4196875,6.841026785714285,2021,15
FR,FR,France,2021-04-19,5.1292857142857144,18.82029761904762,11.974806547619048,2021,16
FR,FR,France,2021-04-26,6.584955357142857,15.525863095238094,11.055252976190475,2021,17
FR,FR,France,2021-05-03,7.126339285714285,18.24767857142857,12.68688988095238,2021,18
FR,FR,France,2021-05-10,8.703630952380953,16.588020833333335,12.645892857142856,2021,19
FR,FR,France,2021-05-17,8.298601190476191,17.233005952380953,12.765907738095239,2021,20
FR,FR,France,2021-05-24,9.13967261904762,20.157261904761906,14.648541666666667,2021,21
FR,FR,France,2021-05-31,12.828809523809523,23.198169642857142,18.013333333333332,2021,22
FR,FR,France,2021-06-07,13.9384375,25.985818452380954,19.962083333333336,2021,23
FR,FR,France,2021-06-14,16.33702380952381,27.877053571428572,22.10712797619048,2021,24
FR,FR,France,2021-06-21,13.764107142857142,22.70087797619048,18.232559523809524,2021,25
FR,FR,France,2021-06-28,14.274583333333332,23.31425595238095,18.794494047619047,2021,26
FR,FR,France,2021-07-05,14.02375,23.611041666666665,18.817395833333332,2021,27
FR,FR,France,2021-07-12,14.814657738095237,23.051532738095236,18.932916666666667,2021,28
FR,FR,France,2021-07-19,16.58427083333333,28.186651785714286,22.385372023809524,2021,29
FR,FR,France,2021-07-26,14.763764880952381,23.806369047619047,19.285059523809526,2021,30
FR,FR,France,2021-08-02,14.188154761904762,22.295238095238094,18.24174107142857,2021,31
FR,FR,France,2021-08-09,15.639583333333334,28.435818452380953,22.03767857142857,2021,32
FR,FR,France,2021-08-16,14.901934523809523,23.649464285714284,19.27559523809524,2021,33
FR,FR,France,2021-08-23,12.912663690476192,23.515907738095237,18.214285714285715,2021,34
FR,FR,France,2021-08-30,13.640372023809524,25.378288690476193,19.509285714285713,2021,35
FR,FR,France,2021-09-06,15.33389880952381,26.377797619047616,20.855744047619048,2021,36
FR,FR,France,2021-09-13,14.549002976190478,23.512336309523807,19.030714285714286,2021,37
FR,FR,France,2021-09-20,11.562991071428572,22.192872023809525,16.877916666666668,2021,38
FR,FR,France,2021-09-27,10.589434523809524,20.148616071428574,15.369092261904761,2021,39
FR,FR,France,2021-10-04,8.513943452380952,17.78747023809524,13.150833333333333,2021,40
FR,FR,France,2021-10-11,5.336130952380953,17.38636904761905,11.361130952380952,2021,41
FR,FR,France,2021-10-18,7.753630952380952,18.178809523809523,12.966369047619047,2021,42
FR,FR,France,2021-10-25,8.21032738095238,17.521577380952383,12.865863095238096,2021,43
FR,FR,France,2021-11-01,5.418705357142858,12.344851190476192,8.88188988095238,2021,44
FR,FR,France,2021-11-08,4.5130059523809525,12.413630952380954,8.463214285714285,2021,45
FR,FR,France,2021-11-15,5.011845238095238,10.556919642857142,7.784315476190476,2021,46
FR,FR,France,2021-11-22,2.5186755952380953,7.714672619047619,5.116651785714286,2021,47
FR,FR,France,2021-11-29,1.7885863095238095,8.574196428571428,5.1815178571428575,2021,48
FR,FR,France,2021-12-06,2.591309523809524,8.518526785714286,5.554791666666667,2021,49
FR,FR,France,2021-12-13,2.1991369047619047,8.988883928571429,5.593943452380953,2021,50
FR,FR,France,2021-12-20,2.2114434523809523,9.041264880952381,5.626324404761905,2021,51
FR,FR,France,2021-12-27,7.471220238095238,14.294434523809523,10.882767857142857,2021,52
FR,FR,France,2022-01-03,3.449925595238095,9.224776785714285,6.3375297619047615,2022,1
FR,FR,France,2022-01-10,-0.8445982142857144,6.566086309523809,2.8607886904761908,2022,2
FR,FR,France,2022-01-17,0.4210714285714286,6.841681547619047,3.6314136904761902,2022,3
FR,FR,France,2022-01-24,-0.1544494047619048,7.4566220238095235,3.651145833333333,2022,4
FR,FR,France,2022-01-31,3.3592113095238094,10.204107142857142,6.781681547619048,2022,5
FR,FR,France,2022-02-07,1.4997619047619049,11.783511904761903,6.641547619047619,2022,6
FR,FR,France,2022-02-14,5.937797619047619,12.424419642857144,9.1809375,2022,7
FR,FR,France,2022-02-21,2.9149107142857145,12.03375,7.474330357142858,2022,8
FR,FR,France,2022-02-28,2.1992261904761903,12.172604166666666,7.185803571428572,2022,9
FR,FR,France,2022-03-07,3.054360119047619,12.721607142857144,7.888050595238095,2022,10
FR,FR,France,2022-03-14,6.092529761904761,14.252857142857144,10.172752976190475,2022,11
FR,FR,France,2022-03-21,3.9702529761904763,18.26421130952381,11.117306547619046,2022,12
FR,FR,France,2022-03-28,3.882157738095238,11.636517857142858,7.759181547619048,2022,13
FR,FR,France,2022-04-04,4.179360119047619,13.508214285714287,8.843809523809524,2022,14
FR,FR,France,2022-04-11,7.6216220238095245,19.95438988095238,13.787946428571429,2022,15
FR,FR,France,2022-04-18,7.32125,17.600565476190475,12.460848214285713,2022,16
FR,FR,France,2022-04-25,7.358675595238096,18.74517857142857,13.051949404761904,2022,17
FR,FR,France,2022-05-02,8.80909226190476,20.014255952380953,14.411830357142856,2022,18
FR,FR,France,2022-05-09,10.990863095238096,24.722529761904763,17.856830357142858,2022,19
FR,FR,France,2022-05-16,14.19827380952381,27.03300595238095,20.615729166666664,2022,20
FR,FR,France,2022-05-23,11.420386904761905,21.081220238095238,16.250833333333333,2022,21
FR,FR,France,2022-05-30,12.35641369047619,24.51328869047619,18.434895833333332,2022,22
FR,FR,France,2022-06-06,13.225699404761905,24.337410714285713,18.781607142857144,2022,23
FR,FR,France,2022-06-13,15.975803571428571,30.900565476190476,23.43815476190476,2022,24
FR,FR,France,2022-06-20,15.826741071428572,25.176264880952385,20.501428571428573,2022,25
FR,FR,France,2022-06-27,12.789122023809524,24.685997023809524,18.737708333333334,2022,26
FR,FR,France,2022-07-04,14.157857142857141,26.98516369047619,20.571517857142855,2022,27
FR,FR,France,2022-07-11,16.023869047619048,31.567395833333332,23.795758928571427,2022,28
FR,FR,France,2022-07-18,17.6809375,31.271889880952383,24.476354166666667,2022,29
FR,FR,France,2022-07-25,15.974479166666667,28.12883928571429,22.051770833333332,2022,30
FR,FR,France,2022-08-01,16.982410714285713,30.691190476190474,23.83669642857143,2022,31
FR,FR,France,2022-08-08,16.83269345238095,31.87313988095238,24.353035714285713,2022,32
FR,FR,France,2022-08-15,15.839657738095239,26.30653273809524,21.07313988095238,2022,33
FR,FR,France,2022-08-22,16.45952380952381,28.444434523809523,22.45200892857143,2022,34
FR,FR,France,2022-08-29,15.912217261904763,27.687187499999997,21.7996875,2022,35
FR,FR,France,2022-09-05,14.811741071428571,25.366488095238097,20.08910714285714,2022,36
FR,FR,France,2022-09-12,13.445952380952383,23.997291666666666,18.721592261904764,2022,37
FR,FR,France,2022-09-19,8.809925595238095,20.487708333333334,14.64875,2022,38
FR,FR,France,2022-09-26,10.196532738095238,17.797708333333333,13.997127976190477,2022,39
FR,FR,France,2022-10-03,9.63861607142857,20.690074404761905,15.164285714285713,2022,40
FR,FR,France,2022-10-10,11.90284226190476,20.24705357142857,16.074851190476192,2022,41
FR,FR,France,2022-10-17,14.11377976190476,22.24267857142857,18.178392857142857,2022,42
FR,FR,France,2022-10-24,12.977098214285716,22.397395833333334,17.687247023809523,2022,43
FR,FR,France,2022-10-31,8.492946428571429,16.324598214285714,12.408511904761903,2022,44
FR,FR,France,2022-11-07,7.994032738095238,16.449747023809525,12.22184523809524,2022,45
FR,FR,France,2022-11-14,7.2146875,13.667619047619048,10.441130952380952,2022,46
FR,FR,France,2022-11-21,5.241517857142857,11.844761904761905,8.543035714285715,2022,47
FR,FR,France,2022-11-28,3.6664285714285714,7.85297619047619,5.759821428571429,2022,48
FR,FR,France,2022-12-05,-0.08904761904761904,5.606458333333333,2.758720238095238,2022,49
FR,FR,France,2022-12-12,-1.3016369047619047,5.712008928571429,2.204985119047619,2022,50
FR,FR,France,2022-12-19,8.373348214285715,14.104345238095236,11.238928571428572,2022,51
FR,FR,France,2022-12-26,7.099568452380953,13.844002976190476,10.47186011904762,2022,52
FR,FR,France,2023-01-02,6.988482142857143,12.375282738095239,9.681622023809524,2023,1
FR,FR,France,2023-01-09,5.49860119047619,11.281026785714287,8.389687499999999,2023,2
FR,FR,France,2023-01-16,-0.12001488095238098,4.9271577380952385,2.4035714285714285,2023,3
FR,FR,France,2023-01-23,0.13029761904761902,4.428288690476191,2.2792261904761904,2023,4
FR,FR,France,2023-01-30,2.8811755952380955,9.559419642857142,6.2203422619047615,2023,5
FR,FR,France,2023-02-06,-1.5450892857142857,9.2496875,3.852247023809524,2023,6
FR,FR,France,2023-02-13,2.709255952380952,14.329404761904762,8.519360119047619,2023,7
FR,FR,France,2023-02-20,3.3302380952380948,11.355416666666668,7.342767857142857,2023,8
FR,FR,France,2023-02-27,-0.5893005952380952,8.151383928571429,3.7811458333333334,2023,9
FR,FR,France,2023-03-06,4.726369047619047,12.907916666666667,8.817232142857142,2023,10
FR,FR,France,2023-03-13,6.468690476190477,15.376681547619048,10.922738095238095,2023,11
FR,FR,France,2023-03-20,7.233110119047619,15.6584375,11.445714285714287,2023,12
FR,FR,France,2023-03-27,7.059181547619048,15.05421130952381,11.056770833333333,2023,13
FR,FR,France,2023-04-03,2.9298511904761906,14.845059523809525,8.887410714285714,2023,14
FR,FR,France,2023-04-10,6.23,14.530982142857143,10.380684523809524,2023,15
FR,FR,France,2023-04-17,6.293839285714285,16.731755952380954,11.513005952380952,2023,16
FR,FR,France,2023-04-24,9.30294642857143,18.178571428571427,13.740684523809525,2023,17
FR,FR,France,2023-05-01,9.787366071428572,20.984940476190477,15.386205357142856,2023,18
FR,FR,France,2023-05-08,10.107604166666667,18.105699404761904,14.106651785714286,2023,19
FR,FR,France,2023-05-15,8.953348214285715,18.436026785714287,13.694642857142858,2023,20
FR,FR,France,2023-05-22,11.39830357142857,22.97037202380952,17.184375,2023,21
FR,FR,France,2023-05-29,12.284151785714286,24.907217261904762,18.595892857142857,2023,22
FR,FR,France,2023-06-05,14.42924107142857,26.55233630952381,20.49092261904762,2023,23
FR,FR,France,2023-06-12,14.836949404761905,27.414642857142855,21.12581845238095,2023,24
FR,FR,France,2023-06-19,16.319196428571427,27.543214285714285,21.931145833333332,2023,25
FR,FR,France,2023-06-26,15.470595238095237,24.97544642857143,20.223110119047618,2023,26
FR,FR,France,2023-07-03,15.43360119047619,27.450892857142858,21.442276785714284,2023,27
FR,FR,France,2023-07-10,16.535654761904762,27.8684375,22.20200892857143,2023,28
FR,FR,France,2023-07-17,15.100476190476192,27.155907738095237,21.12811011904762,2023,29
FR,FR,France,2023-07-24,15.883392857142857,24.85450892857143,20.369107142857143,2023,30
FR,FR,France,2023-07-31,15.026160714285714,23.168660714285718,19.097380952380952,2023,31
FR,FR,France,2023-08-07,14.617455357142857,26.95608630952381,20.78684523809524,2023,32
FR,FR,France,2023-08-14,17.76395833333333,29.841220238095236,23.802455357142858,2023,33
FR,FR,France,2023-08-21,17.98004464285714,28.94458333333333,23.46217261904762,2023,34
FR,FR,France,2023-08-28,13.745178571428573,24.153288690476188,18.949285714285715,2023,35
FR,FR,France,2023-09-04,16.806473214285713,31.687425595238096,24.246875,2023,36
FR,FR,France,2023-09-11,15.743526785714286,26.41501488095238,21.07925595238095,2023,37
FR,FR,France,2023-09-18,12.785818452380953,22.111205357142854,17.44861607142857,2023,38
FR,FR,France,2023-09-25,12.08654761904762,25.56186011904762,18.82424107142857,2023,39
FR,FR,France,2023-10-02,10.37235119047619,24.41452380952381,17.39342261904762,2023,40
FR,FR,France,2023-10-09,11.608854166666667,23.89708333333333,17.753005952380953,2023,41
FR,FR,France,2023-10-16,10.754598214285714,18.757247023809523,14.755892857142856,2023,42
FR,FR,France,2023-10-23,10.536755952380952,16.756607142857142,13.646636904761905,2023,43
FR,FR,France,2023-10-30,8.60422619047619,14.508125,11.556086309523808,2023,44
FR,FR,France,2023-11-06,6.656577380952381,13.484419642857143,10.070416666666667,2023,45
FR,FR,France,2023-11-13,8.628511904761904,15.355773809523809,11.99205357142857,2023,46
FR,FR,France,2023-11-20,4.696324404761905,10.788035714285714,7.7421875,2023,47
FR,FR,France,2023-11-27,1.5059523809523812,7.733169642857143,4.619508928571428,2023,48
FR,FR,France,2023-12-04,3.707842261904762,10.591502976190476,7.149732142857143,2023,49
FR,FR,France,2023-12-11,5.80327380952381,10.842931547619047,8.323080357142857,2023,50
FR,FR,France,2023-12-18,5.186116071428572,10.761994047619048,7.9740327380952385,2023,51
FR,FR,France,2023-12-25,5.642633928571429,11.897931547619047,8.770446428571429,2023,52
FR,FR,France,2024-01-01,5.467291666666667,10.123883928571429,7.795550595238095,2024,1
FR,FR,France,2024-01-08,-1.8263740079365078,3.1404811507936508,0.6571354166666666,2024,2
FR,FR,France,2024-01-15,-0.6407589285714285,7.684553571428572,3.521875,2024,3
FR,FR,France,2024-01-22,5.350386904761905,13.021294642857143,9.185818452380952,2024,4
FR,FR,France,2024-01-29,5.043229166666666,12.222604166666665,8.632946428571428,2024,5
FR,FR,France,2024-02-05,7.069077380952382,11.995803571428572,9.532455357142856,2024,6
FR,FR,France,2024-02-12,6.199047619047619,13.879375000000001,10.03922619047619,2024,7
FR,FR,France,2024-02-19,5.474508928571429,11.689136904761904,8.581875,2024,8
FR,FR,France,2024-02-26,4.683452380952381,11.183124999999999,7.933258928571429,2024,9
FR,FR,France,2024-03-04,3.5855208333333333,12.2325,7.9090625,2024,10
FR,FR,France,2024-03-11,6.927321428571428,15.77110119047619,11.349151785714286,2024,11
FR,FR,France,2024-03-18,7.379017857142856,17.338348214285713,12.358779761904762,2024,12
FR,FR,France,2024-03-25,5.870773809523809,14.118883928571428,9.994747023809524,2024,13
FR,FR,France,2024-04-01,9.49889880952381,18.69589285714286,14.097380952380952,2024,14
FR,FR,France,2024-04-08,8.003467261904762,20.283526785714287,14.143497023809523,2024,15
FR,FR,France,2024-04-15,5.284791666666666,13.87811011904762,9.581383928571428,2024,16
FR,FR,France,2024-04-22,5.024404761904762,13.754761904761905,9.389791666666666,2024,17
FR,FR,France,2024-04-29,8.710342261904762,16.984315476190478,12.847410714285715,2024,18
FR,FR,France,2024-05-06,9.882589285714285,21.052425595238095,15.467574404761905,2024,19
FR,FR,France,2024-05-13,10.681800595238094,19.521041666666665,15.101443452380954,2024,20
FR,FR,France,2024-05-20,10.875907738095238,20.32730654761905,15.601369047619047,2024,21
FR,FR,France,2024-05-27,11.824419642857142,19.00068452380952,15.412738095238096,2024,22
FR,FR,France,2024-06-03,11.994940476190477,23.072857142857142,17.533958333333334,2024,23
FR,FR,France,2024-06-10,10.589017857142858,20.760372023809524,15.674583333333333,2024,24
FR,FR,France,2024-06-17,14.836711309523809,23.311160714285716,19.074032738095237,2024,25
FR,FR,France,2024-06-24,15.785595238095238,26.82517857142857,21.305357142857144,2024,26
FR,FR,France,2024-07-01,13.76605654761905,22.750446428571426,18.258333333333333,2024,27
FR,FR,France,2024-07-08,14.632351190476191,25.816041666666667,20.224136904761902,2024,28
FR,FR,France,2024-07-15,16.132633928571426,27.953244047619048,22.042857142857144,2024,29
FR,FR,France,2024-07-22,16.21717261904762,26.56360119047619,21.39032738095238,2024,30
FR,FR,France,2024-07-29,18.39032738095238,29.911800595238095,24.151041666666668,2024,31
FR,FR,France,2024-08-05,16.471607142857142,29.518288690476194,22.994985119047616,2024,32
FR,FR,France,2024-08-12,17.595744047619046,26.973526785714284,22.284657738095238,2024,33
FR,FR,France,2024-08-19,13.73751488095238,25.948199404761905,19.84297619047619,2024,34
FR,FR,France,2024-08-26,15.341889880952381,27.851130952380952,21.59642857142857,2024,35
FR,FR,France,2024-09-02,15.013943452380952,23.160699404761903,19.08735119047619,2024,36
FR,FR,France,2024-09-09,9.803318452380951,18.770163690476192,14.286919642857143,2024,37
FR,FR,France,2024-09-16,12.098199404761905,22.07924107142857,17.08888392857143,2024,38
FR,FR,France,2024-09-23,11.384002976190475,18.462857142857143,14.923541666666667,2024,39
FR,FR,France,2024-09-30,9.554300595238095,17.709791666666668,13.631979166666667,2024,40
FR,FR,France,2024-10-07,11.301220238095238,18.708169642857143,15.004627976190477,2024,41
FR,FR,France,2024-10-14,12.573616071428573,19.93379464285714,16.253690476190474,2024,42
FR,FR,France,2024-10-21,10.90965773809524,18.84,14.87486607142857,2024,43
FR,FR,France,2024-10-28,9.543854166666668,16.58403273809524,13.064136904761904,2024,44
FR,FR,France,2024-11-04,8.712276785714286,15.130252976190476,11.92126488095238,2024,45
FR,FR,France,2024-11-11,4.68327380952381,11.528214285714286,8.105744047619048,2024,46
FR,FR,France,2024-11-18,3.974494047619048,11.522217261904762,7.748363095238095,2024,47
FR,FR,France,2024-11-25,5.154122023809523,13.078839285714286,9.116369047619047,2024,48
FR,FR,France,2024-12-02,4.431026785714286,10.811622023809525,7.621279761904762,2024,49
FR,FR,France,2024-12-09,2.3709970238095237,6.947410714285714,4.659211309523809,2024,50
FR,FR,France,2024-12-16,3.8640029761904757,10.920699404761905,7.3923065476190475,2024,51
FR,FR,France,2024-12-23,2.0005059523809523,7.861964285714286,4.93110119047619,2024,52
FR,FR,France,2024-12-30,1.1581547619047619,8.456681547619047,4.8074553571428575,2025,1
FR,FR,France,2025-01-06,3.2072916666666664,9.541696428571429,6.374494047619048,2025,2
FR,FR,France,2025-01-13,-2.307857142857143,5.380684523809524,1.5365327380952378,2025,3
FR,FR,France,2025-01-20,2.8411160714285715,10.63639880952381,6.738824404761904,2025,4
FR,FR,France,2025-01-27,3.619955357142857,9.679196428571428,6.649672619047618,2025,5
FR,FR,France,2025-02-03,0.728095238095238,8.342946428571429,4.535520833333333,2025,6
FR,FR,France,2025-02-10,2.661979166666667,9.588913690476192,6.125267857142858,2025,7
FR,FR,France,2025-02-17,4.45873511904762,13.607827380952381,9.033229166666667,2025,8
FR,FR,France,2025-02-24,3.4007886904761904,11.485104166666666,7.442976190476191,2025,9
FR,FR,France,2025-03-03,3.8067113095238096,16.28764880952381,10.0471875,2025,10
FR,FR,France,2025-03-10,3.269761904761905,10.30938988095238,6.789583333333333,2025,11
FR,FR,France,2025-03-17,5.391770833333333,15.614598214285714,10.503184523809525,2025,12
FR,FR,France,2025-03-24,5.496517857142858,14.800818452380952,10.148630952380953,2025,13
FR,FR,France,2025-03-31,6.814389880952381,18.74,12.777261904761906,2025,14
FR,FR,France,2025-04-07,6.277380952380953,19.119613095238098,12.69860119047619,2025,15
FR,FR,France,2025-04-14,7.291294642857142,16.332336309523807,11.811875,2025,16
FR,FR,France,2025-04-21,8.171116071428571,17.208660714285713,12.689806547619048,2025,17
FR,FR,France,2025-04-28,10.7090625,23.525119047619047,17.116949404761904,2025,18
FR,FR,France,2025-05-05,8.18955357142857,18.034598214285715,13.112127976190477,2025,19
FR,FR,France,2025-05-12,8.841220238095238,21.233229166666668,15.037127976190476,2025,20
FR,FR,France,2025-05-19,9.961532738095238,20.641116071428574,15.30127976190476,2025,21
FR,FR,France,2025-05-26,12.85938988095238,24.33520833333333,18.597395833333334,2025,22
FR,FR,France,2025-06-02,13.753348214285715,21.82193452380952,17.78748511904762,2025,23
FR,FR,France,2025-06-09,14.456934523809524,27.73785714285714,21.0975,2025,24
FR,FR,France,2025-06-16,15.514598214285714,29.98907738095238,22.75175595238095,2025,25
FR,FR,France,2025-06-23,17.278020833333333,30.296875,23.78748511904762,2025,26
FR,FR,France,2025-06-30,19.793958333333332,34.76802083333333,27.280729166666664,2025,27
